lang,dtime,vlang,pcommit,op,ttype,mtype,memory,allocs,tmin,tmax,tmedian,tmean,tstddev
julia,2019-05-22T16:43:13.665,1.1.0,4cf7314e485eeea418bf49d284fd7aa8e86c9e43,matmul,Complex{Float64},medium,160080,2,143622,10627745,158275,214223.9064,297234.8892683436
julia,2019-05-22T16:43:13.665,1.1.0,4cf7314e485eeea418bf49d284fd7aa8e86c9e43,matmul,Complex{Float64},small,1808,1,988.1818181818181,141189,1019.8181818181819,1266.611518181818,2804.605117287231
julia,2019-05-22T16:43:13.665,1.1.0,4cf7314e485eeea418bf49d284fd7aa8e86c9e43,matmul,Complex{Float64},large,16000080,2,115857054,202517806,133070375,134550652.18421054,12741810.566276027
julia,2019-05-22T16:43:13.665,1.1.0,4cf7314e485eeea418bf49d284fd7aa8e86c9e43,matmul,Complex{Float64},tiny,144,1,51.29441624365482,1417.3472081218274,52.81472081218274,63.05745868020305,88.10659148081383
julia,2019-05-22T16:43:13.665,1.1.0,4cf7314e485eeea418bf49d284fd7aa8e86c9e43,matmul,Float32,medium,40080,2,31558,10655569,35159,50401.5339,167648.52250396012
julia,2019-05-22T16:43:13.665,1.1.0,4cf7314e485eeea418bf49d284fd7aa8e86c9e43,matmul,Float32,small,496,1,520.3403141361257,8047.235602094241,542.0994764397906,592.2399298429319,357.8713035796796
julia,2019-05-22T16:43:13.665,1.1.0,4cf7314e485eeea418bf49d284fd7aa8e86c9e43,matmul,Float32,large,4000080,2,17359401,38056021,19518299,20241530.603238866,2681589.653219813
julia,2019-05-22T16:43:13.665,1.1.0,4cf7314e485eeea418bf49d284fd7aa8e86c9e43,matmul,Float32,tiny,96,1,46.2912032355915,3855.464105156724,48.179979777553086,62.84715460060667,194.81347975988763
julia,2019-05-22T16:43:13.665,1.1.0,4cf7314e485eeea418bf49d284fd7aa8e86c9e43,matmul,Float64,medium,80080,2,47018,12745287,52646.5,71591.805,210539.84552908392
julia,2019-05-22T16:43:13.665,1.1.0,4cf7314e485eeea418bf49d284fd7aa8e86c9e43,matmul,Float64,small,896,1,538.2176165803108,9520.79274611399,560.7979274611399,632.6710191709844,451.5898449392213
julia,2019-05-22T16:43:13.665,1.1.0,4cf7314e485eeea418bf49d284fd7aa8e86c9e43,matmul,Float64,large,8000080,2,39624023,72810285,44029827,46932614.07476635,7298645.183345514
julia,2019-05-22T16:43:13.665,1.1.0,4cf7314e485eeea418bf49d284fd7aa8e86c9e43,matmul,Float64,tiny,112,1,46.46052631578947,4576.939271255061,48.44230769230769,65.288866194332,209.48558522408533
julia,2019-05-22T16:43:13.665,1.1.0,4cf7314e485eeea418bf49d284fd7aa8e86c9e43,matmul,Complex{Float32},medium,80080,2,82529,13962320,90472.5,117972.4541,260445.7320732198
julia,2019-05-22T16:43:13.665,1.1.0,4cf7314e485eeea418bf49d284fd7aa8e86c9e43,matmul,Complex{Float32},small,896,1,778.2912621359224,14942.184466019418,811.0097087378641,905.7244291262135,653.4903887409092
julia,2019-05-22T16:43:13.665,1.1.0,4cf7314e485eeea418bf49d284fd7aa8e86c9e43,matmul,Complex{Float32},large,8000080,2,59759082,112504457,67317745,68744644.5890411,8132859.293981597
julia,2019-05-22T16:43:13.665,1.1.0,4cf7314e485eeea418bf49d284fd7aa8e86c9e43,matmul,Complex{Float32},tiny,112,1,51.73833671399594,4245.653144016227,53.98275862068966,72.30536186612576,208.08867283674692
julia,2019-05-22T16:43:13.665,1.1.0,4cf7314e485eeea418bf49d284fd7aa8e86c9e43,ptrace,Complex{Float64},tiny,400,6,134.54857142857142,5870.738285714286,139.016,209.34193028571428,482.795863219662
julia,2019-05-22T16:43:13.665,1.1.0,4cf7314e485eeea418bf49d284fd7aa8e86c9e43,ptrace,Complex{Float64},medium,15664,42,2298.6666666666665,136739.77777777778,2564.777777777778,3531.8297222222222,7292.274719504332
julia,2019-05-22T16:43:13.665,1.1.0,4cf7314e485eeea418bf49d284fd7aa8e86c9e43,ptrace,Complex{Float64},small,4624,22,873.2452830188679,23974.943396226416,920.4716981132076,1199.640937735849,1731.867997944393
julia,2019-05-22T16:43:13.665,1.1.0,4cf7314e485eeea418bf49d284fd7aa8e86c9e43,ptrace,Complex{Float64},large,88768,102,11136,1147872,13483,18653.4791,52578.37749869048
julia,2019-05-22T16:43:13.665,1.1.0,4cf7314e485eeea418bf49d284fd7aa8e86c9e43,ptrace,Complex{Float64},huge,359856,202,53113,1764805,60972,82219.0687,111715.59393572422
julia,2019-05-22T16:43:13.665,1.1.0,4cf7314e485eeea418bf49d284fd7aa8e86c9e43,ptrace,Float32,tiny,352,6,131.63573883161513,5585.908361970218,135.66437571592212,202.4534835051546,476.26369597246793
julia,2019-05-22T16:43:13.665,1.1.0,4cf7314e485eeea418bf49d284fd7aa8e86c9e43,ptrace,Float32,medium,6304,42,1797.3,167913.5,1886.8,2485.68875,6681.402756496265
julia,2019-05-22T16:43:13.665,1.1.0,4cf7314e485eeea418bf49d284fd7aa8e86c9e43,ptrace,Float32,small,2496,22,781.959595959596,19877.81818181818,815.9040404040404,1034.058691919192,1576.664127979934
julia,2019-05-22T16:43:13.665,1.1.0,4cf7314e485eeea418bf49d284fd7aa8e86c9e43,ptrace,Float32,large,28576,102,7553.333333333333,395863.3333333333,7931.666666666667,10047.5949,18035.786185014153
julia,2019-05-22T16:43:13.665,1.1.0,4cf7314e485eeea418bf49d284fd7aa8e86c9e43,ptrace,Float32,huge,98768,202,29043,1308977,30943,37111.041,58051.351135226665
julia,2019-05-22T16:43:13.665,1.1.0,4cf7314e485eeea418bf49d284fd7aa8e86c9e43,ptrace,Float64,tiny,352,6,130.90033975084938,5242.970554926387,134.6987542468856,198.66393816534537,465.2330351240676
julia,2019-05-22T16:43:13.665,1.1.0,4cf7314e485eeea418bf49d284fd7aa8e86c9e43,ptrace,Float64,medium,9424,42,1850.7,119203.2,1996,2610.3062600000003,5865.890722226533
julia,2019-05-22T16:43:13.665,1.1.0,4cf7314e485eeea418bf49d284fd7aa8e86c9e43,ptrace,Float64,small,3104,22,800.21875,25374.697916666668,847.65625,1086.0734833333331,1548.9312028472434
julia,2019-05-22T16:43:13.665,1.1.0,4cf7314e485eeea418bf49d284fd7aa8e86c9e43,ptrace,Float64,large,49168,102,8375,1129707,9430,12780.7454,41236.46012236649
julia,2019-05-22T16:43:13.665,1.1.0,4cf7314e485eeea418bf49d284fd7aa8e86c9e43,ptrace,Float64,huge,178368,202,33936,1544447,39780,50366.9409,79805.18413392498
julia,2019-05-22T16:43:13.665,1.1.0,4cf7314e485eeea418bf49d284fd7aa8e86c9e43,ptrace,Complex{Float32},tiny,352,6,131.07744874715263,5420.124145785877,134.9874715261959,196.06005148063787,468.1839610493772
julia,2019-05-22T16:43:13.665,1.1.0,4cf7314e485eeea418bf49d284fd7aa8e86c9e43,ptrace,Complex{Float32},medium,9424,42,2421.5555555555557,131986.66666666666,2545.4444444444443,3311.362522222222,6404.561554991468
julia,2019-05-22T16:43:13.665,1.1.0,4cf7314e485eeea418bf49d284fd7aa8e86c9e43,ptrace,Complex{Float32},small,3104,22,903.9705882352941,86268.64705882352,948.1323529411765,1229.8996088235292,2691.2832851121498
julia,2019-05-22T16:43:13.665,1.1.0,4cf7314e485eeea418bf49d284fd7aa8e86c9e43,ptrace,Complex{Float32},large,49168,102,11940,1144758,13023,16843.9982,44221.143983041795
julia,2019-05-22T16:43:13.665,1.1.0,4cf7314e485eeea418bf49d284fd7aa8e86c9e43,ptrace,Complex{Float32},huge,178368,202,49273,1187172,51409,62583.5399,81717.11751656154
julia,2019-05-22T16:43:13.665,1.1.0,4cf7314e485eeea418bf49d284fd7aa8e86c9e43,dot,Complex{Float64},tiny,0,0,22.579317269076306,81.37449799196787,25.022088353413654,25.60495512048193,3.656376754835288
julia,2019-05-22T16:43:13.665,1.1.0,4cf7314e485eeea418bf49d284fd7aa8e86c9e43,dot,Complex{Float64},medium,0,0,2295.1111111111113,11230.888888888889,2377.222222222222,2594.7662222222225,594.7909256280802
julia,2019-05-22T16:43:13.665,1.1.0,4cf7314e485eeea418bf49d284fd7aa8e86c9e43,dot,Complex{Float64},small,0,0,256.5994318181818,581.8551136363636,265.32670454545456,279.4909173295455,38.070683708016105
julia,2019-05-22T16:43:13.665,1.1.0,4cf7314e485eeea418bf49d284fd7aa8e86c9e43,dot,Complex{Float64},large,0,0,39876,562298,44210,46817.9289,14792.744258605799
julia,2019-05-22T16:43:13.665,1.1.0,4cf7314e485eeea418bf49d284fd7aa8e86c9e43,dot,Complex{Float64},huge,0,0,972269,2187553,1048584,1092763.9909671734,115057.33359431717
julia,2019-05-22T16:43:13.665,1.1.0,4cf7314e485eeea418bf49d284fd7aa8e86c9e43,dot,Float32,tiny,0,0,14.648946840521564,89.63691073219658,16.319458375125375,16.64058625877633,3.337590677327564
julia,2019-05-22T16:43:13.665,1.1.0,4cf7314e485eeea418bf49d284fd7aa8e86c9e43,dot,Float32,medium,0,0,398.3787878787879,1747.040404040404,427.5328282828283,453.17127727272737,90.20825237876043
julia,2019-05-22T16:43:13.665,1.1.0,4cf7314e485eeea418bf49d284fd7aa8e86c9e43,dot,Float32,small,0,0,62.42566844919786,587.4288770053475,64.56684491978609,68.59401743315507,11.775780672417955
julia,2019-05-22T16:43:13.665,1.1.0,4cf7314e485eeea418bf49d284fd7aa8e86c9e43,dot,Float32,large,0,0,13208,80193,13887,14368.6092,2421.176448632958
julia,2019-05-22T16:43:13.665,1.1.0,4cf7314e485eeea418bf49d284fd7aa8e86c9e43,dot,Float32,huge,0,0,138075,1343180,169332,201479.3308,81518.47693563689
julia,2019-05-22T16:43:13.665,1.1.0,4cf7314e485eeea418bf49d284fd7aa8e86c9e43,dot,Float64,tiny,0,0,14.102204408817636,93.3997995991984,15.693386773547093,16.168193186372747,3.2866721136682036
julia,2019-05-22T16:43:13.665,1.1.0,4cf7314e485eeea418bf49d284fd7aa8e86c9e43,dot,Float64,medium,0,0,1403.3,7998.9,1562,1576.1474899999998,255.6662859249842
julia,2019-05-22T16:43:13.665,1.1.0,4cf7314e485eeea418bf49d284fd7aa8e86c9e43,dot,Float64,small,0,0,106.18599562363238,307.0043763676149,109.74726477024069,114.5336208971554,16.45465427302857
julia,2019-05-22T16:43:13.665,1.1.0,4cf7314e485eeea418bf49d284fd7aa8e86c9e43,dot,Float64,large,0,0,12541,1927328,14282,17162.2859,60107.64230340006
julia,2019-05-22T16:43:13.665,1.1.0,4cf7314e485eeea418bf49d284fd7aa8e86c9e43,dot,Float64,huge,0,0,305635,21447242,343204.5,446416.0408,546440.2417270921
julia,2019-05-22T16:43:13.665,1.1.0,4cf7314e485eeea418bf49d284fd7aa8e86c9e43,dot,Complex{Float32},tiny,0,0,28.528169014084508,109.05633802816901,29.49698189134809,30.79888299798792,4.922041381506449
julia,2019-05-22T16:43:13.665,1.1.0,4cf7314e485eeea418bf49d284fd7aa8e86c9e43,dot,Complex{Float32},medium,0,0,1443.1,8281.6,1557.3,1603.79109,295.9561895555245
julia,2019-05-22T16:43:13.665,1.1.0,4cf7314e485eeea418bf49d284fd7aa8e86c9e43,dot,Complex{Float32},small,0,0,150.1581027667984,398.7312252964427,155.3399209486166,164.00933952569176,26.170546462683422
julia,2019-05-22T16:43:13.665,1.1.0,4cf7314e485eeea418bf49d284fd7aa8e86c9e43,dot,Complex{Float32},large,0,0,24996,332841,27769,28776.0164,6440.8936195215065
julia,2019-05-22T16:43:13.665,1.1.0,4cf7314e485eeea418bf49d284fd7aa8e86c9e43,dot,Complex{Float32},huge,0,0,427869,1366574,479266,502515.1291768541,76705.28110770033
julia,2019-05-22T16:43:13.665,1.1.0,4cf7314e485eeea418bf49d284fd7aa8e86c9e43,hadamard,Complex{Float64},medium,432080,2,44894,1299884,57546,77628.7242,113898.55437295134
julia,2019-05-22T16:43:13.665,1.1.0,4cf7314e485eeea418bf49d284fd7aa8e86c9e43,hadamard,Complex{Float64},small,16128,1,2023.4444444444443,185077.55555555556,2419.222222222222,3289.7394222222224,8737.828815113813
julia,2019-05-22T16:43:13.665,1.1.0,4cf7314e485eeea418bf49d284fd7aa8e86c9e43,hadamard,Complex{Float64},large,16000080,2,3086480,10495929,5230088.5,5287087.844279661,1984700.09959497
julia,2019-05-22T16:43:13.665,1.1.0,4cf7314e485eeea418bf49d284fd7aa8e86c9e43,hadamard,Complex{Float64},tiny,208,1,81.87837837837837,2062.060291060291,83.91995841995842,100.85087661122661,109.89221152708522
julia,2019-05-22T16:43:13.665,1.1.0,4cf7314e485eeea418bf49d284fd7aa8e86c9e43,hadamard,Float32,medium,108112,2,13293,1781426,15291,21573.7071,65179.23339486361
julia,2019-05-22T16:43:13.665,1.1.0,4cf7314e485eeea418bf49d284fd7aa8e86c9e43,hadamard,Float32,small,4160,1,1268,190860.6,1385.2,1701.14565,6232.619473092732
julia,2019-05-22T16:43:13.665,1.1.0,4cf7314e485eeea418bf49d284fd7aa8e86c9e43,hadamard,Float32,large,4000080,2,662180,2856609,777146,969265.9683655537,399562.9374128322
julia,2019-05-22T16:43:13.665,1.1.0,4cf7314e485eeea418bf49d284fd7aa8e86c9e43,hadamard,Float32,tiny,112,1,73.34742268041236,4693.621649484536,77.48041237113402,95.8279730927835,216.45626853901624
julia,2019-05-22T16:43:13.665,1.1.0,4cf7314e485eeea418bf49d284fd7aa8e86c9e43,hadamard,Float64,medium,216080,2,23344,1308031,29280.5,40702.4844,87651.04765260834
julia,2019-05-22T16:43:13.665,1.1.0,4cf7314e485eeea418bf49d284fd7aa8e86c9e43,hadamard,Float64,small,8128,1,1521.5,161938.6,1617.6,2179.8487700000005,7260.567504636634
julia,2019-05-22T16:43:13.665,1.1.0,4cf7314e485eeea418bf49d284fd7aa8e86c9e43,hadamard,Float64,large,8000080,2,1553846,4774666,1860249,2084056.8550481775,534257.9184171245
julia,2019-05-22T16:43:13.665,1.1.0,4cf7314e485eeea418bf49d284fd7aa8e86c9e43,hadamard,Float64,tiny,144,1,74.89392378990732,2668.569515962925,76.13800205973223,90.0589402677652,101.88156254086302
julia,2019-05-22T16:43:13.665,1.1.0,4cf7314e485eeea418bf49d284fd7aa8e86c9e43,hadamard,Complex{Float32},medium,216080,2,60792,1399356,61496,76020.0393,93934.06807866109
julia,2019-05-22T16:43:13.665,1.1.0,4cf7314e485eeea418bf49d284fd7aa8e86c9e43,hadamard,Complex{Float32},small,8128,1,3372,199190.375,3452.625,4153.433075,8384.423464638803
julia,2019-05-22T16:43:13.665,1.1.0,4cf7314e485eeea418bf49d284fd7aa8e86c9e43,hadamard,Complex{Float32},large,8000080,2,2097611,6133813,2289918,2580236.771103055,489131.65033570776
julia,2019-05-22T16:43:13.665,1.1.0,4cf7314e485eeea418bf49d284fd7aa8e86c9e43,hadamard,Complex{Float32},tiny,144,1,90.09768907563026,2182.246848739496,91.42121848739495,104.36253844537815,99.04523397370774
julia,2019-05-22T16:43:13.665,1.1.0,4cf7314e485eeea418bf49d284fd7aa8e86c9e43,tcontract,Complex{Float64},medium,1808,1,38590,135481,41255,43306.8935,7440.192299833628
julia,2019-05-22T16:43:13.665,1.1.0,4cf7314e485eeea418bf49d284fd7aa8e86c9e43,tcontract,Complex{Float64},small,144,1,111.62363238512035,1894.144420131291,116.1504376367615,133.41749463894968,106.97495692556826
julia,2019-05-22T16:43:13.665,1.1.0,4cf7314e485eeea418bf49d284fd7aa8e86c9e43,tcontract,Complex{Float64},large,14528,1,3063502,5156174,3244240,3363801.461952862,316223.2867702371
julia,2019-05-22T16:43:13.665,1.1.0,4cf7314e485eeea418bf49d284fd7aa8e86c9e43,tcontract,Complex{Float64},tiny,96,1,47.737588652482266,3470.1256332320163,50.22289766970618,67.34840010131711,192.47249067549382
julia,2019-05-22T16:43:13.665,1.1.0,4cf7314e485eeea418bf49d284fd7aa8e86c9e43,tcontract,Float32,medium,496,1,33330,109705,34469,36557.0199,6534.559233042501
julia,2019-05-22T16:43:13.665,1.1.0,4cf7314e485eeea418bf49d284fd7aa8e86c9e43,tcontract,Float32,small,96,1,103.5538954108858,4766.935965848453,105.27641408751334,125.05703180362859,213.38608450905375
julia,2019-05-22T16:43:13.665,1.1.0,4cf7314e485eeea418bf49d284fd7aa8e86c9e43,tcontract,Float32,large,3776,1,2628119,5640443,2736576,2819722.7741389046,245208.76388904653
julia,2019-05-22T16:43:13.665,1.1.0,4cf7314e485eeea418bf49d284fd7aa8e86c9e43,tcontract,Float32,tiny,96,1,48.07403651115619,4659.471602434077,50.55679513184584,65.82261288032456,203.79890235660503
julia,2019-05-22T16:43:13.665,1.1.0,4cf7314e485eeea418bf49d284fd7aa8e86c9e43,tcontract,Float64,medium,896,1,33298,124389,35619,37286.8393,6544.473007016644
julia,2019-05-22T16:43:13.665,1.1.0,4cf7314e485eeea418bf49d284fd7aa8e86c9e43,tcontract,Float64,small,112,1,103.05561497326204,4616.774331550802,105.57486631016043,125.84329037433154,224.13795917776267
julia,2019-05-22T16:43:13.665,1.1.0,4cf7314e485eeea418bf49d284fd7aa8e86c9e43,tcontract,Float64,large,7360,1,2629240,5746117,2775219,2835351.2782509937,253051.7283744769
julia,2019-05-22T16:43:13.665,1.1.0,4cf7314e485eeea418bf49d284fd7aa8e86c9e43,tcontract,Float64,tiny,96,1,48.09625126646403,3989.758865248227,50.50861195542046,65.72855906788247,199.51426474081777
julia,2019-05-22T16:43:13.665,1.1.0,4cf7314e485eeea418bf49d284fd7aa8e86c9e43,tcontract,Complex{Float32},medium,896,1,42333,130197,44260,47014.4926,8766.459783907045
julia,2019-05-22T16:43:13.665,1.1.0,4cf7314e485eeea418bf49d284fd7aa8e86c9e43,tcontract,Complex{Float32},small,112,1,121.98333333333333,4610.925555555556,124.25111111111111,149.0253802222222,236.88539699604289
julia,2019-05-22T16:43:13.665,1.1.0,4cf7314e485eeea418bf49d284fd7aa8e86c9e43,tcontract,Complex{Float32},large,7360,1,3382519,5400634,3514965.5,3689148.109305761,361155.74473574257
julia,2019-05-22T16:43:13.665,1.1.0,4cf7314e485eeea418bf49d284fd7aa8e86c9e43,tcontract,Complex{Float32},tiny,96,1,48.418864097363084,3834.2413793103447,50.99543610547667,66.74168711967545,208.41288161365065
julia,2019-05-22T16:43:13.665,1.1.0,4cf7314e485eeea418bf49d284fd7aa8e86c9e43,indexsum,Complex{Float64},medium,14864,11,23783,110491,25149,26405.2934,4395.726740468989
julia,2019-05-22T16:43:13.665,1.1.0,4cf7314e485eeea418bf49d284fd7aa8e86c9e43,indexsum,Complex{Float64},small,2144,11,2090.222222222222,194967.11111111112,2143.777777777778,2530.3593222222225,4684.945418821377
julia,2019-05-22T16:43:13.665,1.1.0,4cf7314e485eeea418bf49d284fd7aa8e86c9e43,indexsum,Complex{Float64},large,160416,12,1212553,2851002,1315192,1381687.8999444135,177321.43664711594
julia,2019-05-22T16:43:13.665,1.1.0,4cf7314e485eeea418bf49d284fd7aa8e86c9e43,indexsum,Complex{Float64},tiny,480,11,908.7105263157895,108581.05263157895,957.8947368421053,1122.4596,2470.0897786657815
julia,2019-05-22T16:43:13.665,1.1.0,4cf7314e485eeea418bf49d284fd7aa8e86c9e43,indexsum,Float32,medium,4112,11,19315,2692590,21581,22401.8024,26963.284034622848
julia,2019-05-22T16:43:13.665,1.1.0,4cf7314e485eeea418bf49d284fd7aa8e86c9e43,indexsum,Float32,small,832,11,1895.2,410511.1,1938.8,2184.63633,5951.826287996263
julia,2019-05-22T16:43:13.665,1.1.0,4cf7314e485eeea418bf49d284fd7aa8e86c9e43,indexsum,Float32,large,40416,12,203314,1601218,216879.5,240058.6825,71617.6376281879
julia,2019-05-22T16:43:13.665,1.1.0,4cf7314e485eeea418bf49d284fd7aa8e86c9e43,indexsum,Float32,tiny,432,11,882.5,96198.62,958.52,1089.0622239999998,2385.0334045886643
julia,2019-05-22T16:43:13.665,1.1.0,4cf7314e485eeea418bf49d284fd7aa8e86c9e43,indexsum,Float64,medium,7696,11,15900,94666,17458,19134.8156,4410.294060736411
julia,2019-05-22T16:43:13.665,1.1.0,4cf7314e485eeea418bf49d284fd7aa8e86c9e43,indexsum,Float64,small,1232,11,1910.4,207549.6,1955.2,2209.7997800000003,3410.9743011084433
julia,2019-05-22T16:43:13.665,1.1.0,4cf7314e485eeea418bf49d284fd7aa8e86c9e43,indexsum,Float64,large,80416,12,440653,2172127,499726,531191.3279656467,108705.21118570841
julia,2019-05-22T16:43:13.665,1.1.0,4cf7314e485eeea418bf49d284fd7aa8e86c9e43,indexsum,Float64,tiny,448,11,916.9830508474577,82031.86440677966,959.8474576271186,1084.4949389830508,2204.0739412168714
julia,2019-05-22T16:43:13.665,1.1.0,4cf7314e485eeea418bf49d284fd7aa8e86c9e43,indexsum,Complex{Float32},medium,7696,11,48760,133355,51586,54329.4083,7548.123073757129
julia,2019-05-22T16:43:13.665,1.1.0,4cf7314e485eeea418bf49d284fd7aa8e86c9e43,indexsum,Complex{Float32},small,1232,11,3183.625,327436.875,3454.5,3774.9616,6269.2407744682205
julia,2019-05-22T16:43:13.665,1.1.0,4cf7314e485eeea418bf49d284fd7aa8e86c9e43,indexsum,Complex{Float32},large,80416,12,1806293,3943675,1999736,2065163.9253421817,225512.93424775384
julia,2019-05-22T16:43:13.665,1.1.0,4cf7314e485eeea418bf49d284fd7aa8e86c9e43,indexsum,Complex{Float32},tiny,448,11,937.7619047619048,228340.95238095237,980.5952380952381,1153.962704761905,4003.0810099589767
julia,2019-05-22T16:43:13.665,1.1.0,4cf7314e485eeea418bf49d284fd7aa8e86c9e43,trace,Complex{Float64},medium,0,0,122.26222222222222,310.15444444444444,131.14111111111112,137.38244355555554,13.803594727959558
julia,2019-05-22T16:43:13.665,1.1.0,4cf7314e485eeea418bf49d284fd7aa8e86c9e43,trace,Complex{Float64},small,0,0,11.289579158316633,88.33066132264528,11.423847695390782,12.562500300601203,2.8933138418916755
julia,2019-05-22T16:43:13.665,1.1.0,4cf7314e485eeea418bf49d284fd7aa8e86c9e43,trace,Complex{Float64},large,0,0,1975.1,10714.9,2074.1,2243.42055,537.0264552608768
julia,2019-05-22T16:43:13.665,1.1.0,4cf7314e485eeea418bf49d284fd7aa8e86c9e43,trace,Complex{Float64},tiny,0,0,5.383,70.73,5.6,6.097979399999999,1.9470068729082481
julia,2019-05-22T16:43:13.665,1.1.0,4cf7314e485eeea418bf49d284fd7aa8e86c9e43,trace,Float32,medium,0,0,118.08315098468272,320.699124726477,130.77899343544857,132.87158096280086,12.811059629716851
julia,2019-05-22T16:43:13.665,1.1.0,4cf7314e485eeea418bf49d284fd7aa8e86c9e43,trace,Float32,small,0,0,11.396793587174349,84.04308617234469,11.913827655310621,12.469281563126252,2.508167567994374
julia,2019-05-22T16:43:13.665,1.1.0,4cf7314e485eeea418bf49d284fd7aa8e86c9e43,trace,Float32,large,0,0,1437.5,8859.4,1443.1,1549.2003,307.6997710282201
julia,2019-05-22T16:43:13.665,1.1.0,4cf7314e485eeea418bf49d284fd7aa8e86c9e43,trace,Float32,tiny,0,0,5.038,74.187,5.278,5.6506648,1.6185519916567181
julia,2019-05-22T16:43:13.665,1.1.0,4cf7314e485eeea418bf49d284fd7aa8e86c9e43,trace,Float64,medium,0,0,123.95356738391845,386.94677236693093,132.95469988674972,135.94908618346545,11.8226478153851
julia,2019-05-22T16:43:13.665,1.1.0,4cf7314e485eeea418bf49d284fd7aa8e86c9e43,trace,Float64,small,0,0,10.645645645645645,89.41841841841841,11.98898898898899,12.651912712712713,2.740763105640153
julia,2019-05-22T16:43:13.665,1.1.0,4cf7314e485eeea418bf49d284fd7aa8e86c9e43,trace,Float64,large,0,0,1859.8,10183.2,1904.4,2110.45144,519.4953080918435
julia,2019-05-22T16:43:13.665,1.1.0,4cf7314e485eeea418bf49d284fd7aa8e86c9e43,trace,Float64,tiny,0,0,5.028,57.256,5.359500000000001,6.1781912,1.6736120979450402
julia,2019-05-22T16:43:13.665,1.1.0,4cf7314e485eeea418bf49d284fd7aa8e86c9e43,trace,Complex{Float32},medium,0,0,118.08946772366932,241.71800679501698,130.73499433748583,134.90442310305778,12.845178369376063
julia,2019-05-22T16:43:13.665,1.1.0,4cf7314e485eeea418bf49d284fd7aa8e86c9e43,trace,Complex{Float32},small,0,0,11.824649298597194,54.24849699398798,11.939879759519037,13.432707615230463,3.1288002617799755
julia,2019-05-22T16:43:13.665,1.1.0,4cf7314e485eeea418bf49d284fd7aa8e86c9e43,trace,Complex{Float32},large,0,0,2182.2,11874.4,2250.2,2484.7065399999997,625.1877770197383
julia,2019-05-22T16:43:13.665,1.1.0,4cf7314e485eeea418bf49d284fd7aa8e86c9e43,trace,Complex{Float32},tiny,0,0,5.384,80.036,5.606,6.028004900000002,1.569483107140166
julia,2019-05-22T16:43:13.665,1.1.0,4cf7314e485eeea418bf49d284fd7aa8e86c9e43,diag,Complex{Float64},tiny,1824,37,5301.666666666667,900822.3333333334,5593.833333333333,6914.640833333335,15656.381165828494
julia,2019-05-22T16:43:13.665,1.1.0,4cf7314e485eeea418bf49d284fd7aa8e86c9e43,diag,Complex{Float64},medium,114464,919,161343,4379160,166158,199661.0116,205229.3631897575
julia,2019-05-22T16:43:13.665,1.1.0,4cf7314e485eeea418bf49d284fd7aa8e86c9e43,diag,Complex{Float64},small,29472,429,69619,4237938,71413,84400.9996,113272.36688816933
julia,2019-05-22T16:43:13.665,1.1.0,4cf7314e485eeea418bf49d284fd7aa8e86c9e43,diag,Complex{Float64},large,301184,1409,268260,4604558,286416,348033.8685,278379.9170938743
julia,2019-05-22T16:43:13.665,1.1.0,4cf7314e485eeea418bf49d284fd7aa8e86c9e43,diag,Complex{Float64},huge,8463440,4929,1996508,450336484,2492494.5,3128590.3740554154,11257070.403848883
julia,2019-05-22T16:43:13.665,1.1.0,4cf7314e485eeea418bf49d284fd7aa8e86c9e43,diag,Float32,tiny,1744,37,5718.5,879332.8333333334,5960.5,7253.599733333334,15676.752992069947
julia,2019-05-22T16:43:13.665,1.1.0,4cf7314e485eeea418bf49d284fd7aa8e86c9e43,diag,Float32,medium,59328,919,161200,5766801,171262,212617.6438,218295.77990362092
julia,2019-05-22T16:43:13.665,1.1.0,4cf7314e485eeea418bf49d284fd7aa8e86c9e43,diag,Float32,small,21552,429,73639,4676178,75640,88330.8642,123261.71909316024
julia,2019-05-22T16:43:13.665,1.1.0,4cf7314e485eeea418bf49d284fd7aa8e86c9e43,diag,Float32,large,123248,1409,264571,5061514,273016.5,321528.5101,260725.9905309774
julia,2019-05-22T16:43:13.665,1.1.0,4cf7314e485eeea418bf49d284fd7aa8e86c9e43,diag,Float32,huge,2277264,4899,1521447,423581633,1639930,2220968.117121144,8944096.823898613
julia,2019-05-22T16:43:13.665,1.1.0,4cf7314e485eeea418bf49d284fd7aa8e86c9e43,diag,Float64,tiny,1760,37,5798.333333333333,1059559,6121.75,8260.360116666667,17814.965916753416
julia,2019-05-22T16:43:13.665,1.1.0,4cf7314e485eeea418bf49d284fd7aa8e86c9e43,diag,Float64,medium,78048,919,169813,6981048,175073,209254.6882,217411.34830528733
julia,2019-05-22T16:43:13.665,1.1.0,4cf7314e485eeea418bf49d284fd7aa8e86c9e43,diag,Float64,small,24096,429,74256,5556665,78847,97287.1547,147011.7543286313
julia,2019-05-22T16:43:13.665,1.1.0,4cf7314e485eeea418bf49d284fd7aa8e86c9e43,diag,Float64,large,182704,1409,275341,6430826,296982.5,381972.2796,321150.4742239812
julia,2019-05-22T16:43:13.665,1.1.0,4cf7314e485eeea418bf49d284fd7aa8e86c9e43,diag,Float64,huge,4335168,4919,1655501,396692272,1757550,2374996.14851958,8650897.912100382
julia,2019-05-22T16:43:13.665,1.1.0,4cf7314e485eeea418bf49d284fd7aa8e86c9e43,diag,Complex{Float32},tiny,1760,37,6305.833333333333,890542.1666666666,6581.166666666667,8198.016033333333,15349.980416557344
julia,2019-05-22T16:43:13.665,1.1.0,4cf7314e485eeea418bf49d284fd7aa8e86c9e43,diag,Complex{Float32},medium,78048,919,177945,6447219,193046,279220.8857,263758.9132942389
julia,2019-05-22T16:43:13.665,1.1.0,4cf7314e485eeea418bf49d284fd7aa8e86c9e43,diag,Complex{Float32},small,24096,429,79169,7057446,87921,121963.7162,144225.7491454474
julia,2019-05-22T16:43:13.665,1.1.0,4cf7314e485eeea418bf49d284fd7aa8e86c9e43,diag,Complex{Float32},large,182704,1409,292659,6058331,310999.5,399327.3806,335965.4897689799
julia,2019-05-22T16:43:13.665,1.1.0,4cf7314e485eeea418bf49d284fd7aa8e86c9e43,diag,Complex{Float32},huge,4335168,4919,1950196,488461188,3191126,3683162.932442465,13285176.047749134
julia,2019-05-22T16:43:13.665,1.1.0,4cf7314e485eeea418bf49d284fd7aa8e86c9e43,starandcontract,Complex{Float64},medium,576,1,3027017,6957925,3461669,3656619.009530792,585803.4920464242
julia,2019-05-22T16:43:13.665,1.1.0,4cf7314e485eeea418bf49d284fd7aa8e86c9e43,starandcontract,Complex{Float64},small,240,1,39548,168276,42685,47884.1337,11143.163441517527
julia,2019-05-22T16:43:13.665,1.1.0,4cf7314e485eeea418bf49d284fd7aa8e86c9e43,starandcontract,Complex{Float64},large,1808,1,443948366,514417547,465585329,473682019.8181818,24412344.77027525
julia,2019-05-22T16:43:13.665,1.1.0,4cf7314e485eeea418bf49d284fd7aa8e86c9e43,starandcontract,Complex{Float64},tiny,112,1,160,3247,204,226.6766,81.07499076689918
julia,2019-05-22T16:43:13.665,1.1.0,4cf7314e485eeea418bf49d284fd7aa8e86c9e43,starandcontract,Float32,medium,208,1,2146082,4849409,2465277,2701842.3336950624,557697.6352024344
julia,2019-05-22T16:43:13.665,1.1.0,4cf7314e485eeea418bf49d284fd7aa8e86c9e43,starandcontract,Float32,small,128,1,30076,212039,30878.5,34691.2047,8204.562966236812
julia,2019-05-22T16:43:13.665,1.1.0,4cf7314e485eeea418bf49d284fd7aa8e86c9e43,starandcontract,Float32,large,496,1,305997079,401348349,335486600,341241331.8666667,24944833.95286892
julia,2019-05-22T16:43:13.665,1.1.0,4cf7314e485eeea418bf49d284fd7aa8e86c9e43,starandcontract,Float32,tiny,96,1,133,9867,153,158.4729,104.84943207252289
julia,2019-05-22T16:43:13.665,1.1.0,4cf7314e485eeea418bf49d284fd7aa8e86c9e43,starandcontract,Float64,medium,336,1,2148586,4772061,2407040,2597910.3972888426,510712.7326265716
julia,2019-05-22T16:43:13.665,1.1.0,4cf7314e485eeea418bf49d284fd7aa8e86c9e43,starandcontract,Float64,small,160,1,30125,92340,31460.5,36996.5836,9299.18897630179
julia,2019-05-22T16:43:13.665,1.1.0,4cf7314e485eeea418bf49d284fd7aa8e86c9e43,starandcontract,Float64,large,896,1,328313412,365976918,338769671,341975454.8666667,12080068.812000822
julia,2019-05-22T16:43:13.665,1.1.0,4cf7314e485eeea418bf49d284fd7aa8e86c9e43,starandcontract,Float64,tiny,96,1,145,13340,174,212.3736,233.54093422746254
julia,2019-05-22T16:43:13.665,1.1.0,4cf7314e485eeea418bf49d284fd7aa8e86c9e43,starandcontract,Complex{Float32},medium,336,1,3287687,7611520,3917778.5,4256693.7849829355,847554.3591827572
julia,2019-05-22T16:43:13.665,1.1.0,4cf7314e485eeea418bf49d284fd7aa8e86c9e43,starandcontract,Complex{Float32},small,160,1,41629,158984,46136,51642.5428,14964.471701456703
julia,2019-05-22T16:43:13.665,1.1.0,4cf7314e485eeea418bf49d284fd7aa8e86c9e43,starandcontract,Complex{Float32},large,896,1,445071807,541829813,477986135,482040914.8181818,27748018.521729432
julia,2019-05-22T16:43:13.665,1.1.0,4cf7314e485eeea418bf49d284fd7aa8e86c9e43,starandcontract,Complex{Float32},tiny,96,1,162,13301,185,212.6752,225.79306268279274
julia,2019-05-22T16:43:13.665,1.1.0,4cf7314e485eeea418bf49d284fd7aa8e86c9e43,star,Complex{Float64},medium,432080,2,4002587,8619582,4366271,4568248.058554437,609191.2806493434
julia,2019-05-22T16:43:13.665,1.1.0,4cf7314e485eeea418bf49d284fd7aa8e86c9e43,star,Complex{Float64},small,16128,1,52441,172758,57187.5,61716.5035,13452.169086310965
julia,2019-05-22T16:43:13.665,1.1.0,4cf7314e485eeea418bf49d284fd7aa8e86c9e43,star,Complex{Float64},large,16000080,2,532590639,582448777,561902391,559802364,20075343.12366103
julia,2019-05-22T16:43:13.665,1.1.0,4cf7314e485eeea418bf49d284fd7aa8e86c9e43,star,Complex{Float64},tiny,208,1,143.492252681764,5449.829558998808,152.65196662693683,192.86594588796186,194.2706711470023
julia,2019-05-22T16:43:13.665,1.1.0,4cf7314e485eeea418bf49d284fd7aa8e86c9e43,star,Float32,medium,108112,2,3173780,6850061,3577342.5,3752639.132330827,550024.2258594766
julia,2019-05-22T16:43:13.665,1.1.0,4cf7314e485eeea418bf49d284fd7aa8e86c9e43,star,Float32,small,4160,1,41779,177277,45119.5,50460.8122,11830.086970952714
julia,2019-05-22T16:43:13.665,1.1.0,4cf7314e485eeea418bf49d284fd7aa8e86c9e43,star,Float32,large,4000080,2,422915943,480051693,445597395,451002529.5833333,19795252.695268776
julia,2019-05-22T16:43:13.665,1.1.0,4cf7314e485eeea418bf49d284fd7aa8e86c9e43,star,Float32,tiny,112,1,123.19487750556793,6107.366369710468,129.88418708240533,161.91831948775058,275.97004737004715
julia,2019-05-22T16:43:13.665,1.1.0,4cf7314e485eeea418bf49d284fd7aa8e86c9e43,star,Float64,medium,216080,2,3184e3,7314732,3565959.5,3779112.653030303,625840.3479639128
julia,2019-05-22T16:43:13.665,1.1.0,4cf7314e485eeea418bf49d284fd7aa8e86c9e43,star,Float64,small,8128,1,40707,147049,45090,46561.4154,9071.567466566783
julia,2019-05-22T16:43:13.665,1.1.0,4cf7314e485eeea418bf49d284fd7aa8e86c9e43,star,Float64,large,8000080,2,425009669,450636118,431296169.5,432978518.75,6755847.51996635
julia,2019-05-22T16:43:13.665,1.1.0,4cf7314e485eeea418bf49d284fd7aa8e86c9e43,star,Float64,tiny,144,1,123.70647321428571,2168.440848214286,133.61160714285714,149.52844620535714,118.18601392614391
julia,2019-05-22T16:43:13.665,1.1.0,4cf7314e485eeea418bf49d284fd7aa8e86c9e43,star,Complex{Float32},medium,216080,2,4110352,7941145,4280383,4480109.990134529,408617.02665527613
julia,2019-05-22T16:43:13.665,1.1.0,4cf7314e485eeea418bf49d284fd7aa8e86c9e43,star,Complex{Float32},small,8128,1,51765,173412,55330,62373.0364,16846.39389553157
julia,2019-05-22T16:43:13.665,1.1.0,4cf7314e485eeea418bf49d284fd7aa8e86c9e43,star,Complex{Float32},large,8000080,2,547075832,567225008,554065423.5,554980754.8,5863190.541042797
julia,2019-05-22T16:43:13.665,1.1.0,4cf7314e485eeea418bf49d284fd7aa8e86c9e43,star,Complex{Float32},tiny,144,1,137.47596153846155,2319.512019230769,147.6033653846154,163.94494471153845,123.01042659340777
julia,2019-05-22T16:43:13.665,1.1.0,4cf7314e485eeea418bf49d284fd7aa8e86c9e43,outer,Complex{Float64},medium,100000384,7,40010904,92733028,43327236,44124643.35964912,5328755.102034263
julia,2019-05-22T16:43:13.665,1.1.0,4cf7314e485eeea418bf49d284fd7aa8e86c9e43,outer,Complex{Float64},small,160384,7,19298,1445344,21968,31514.8437,91642.35680238315
julia,2019-05-22T16:43:13.665,1.1.0,4cf7314e485eeea418bf49d284fd7aa8e86c9e43,outer,Complex{Float64},large,1600000384,7,632559635,748838871,697068917,695258986,36439456.317426205
julia,2019-05-22T16:43:13.665,1.1.0,4cf7314e485eeea418bf49d284fd7aa8e86c9e43,outer,Complex{Float64},tiny,640,6,239.08943089430895,9955.10298102981,252.77371273712737,348.12505907859077,785.5848032236272
julia,2019-05-22T16:43:13.665,1.1.0,4cf7314e485eeea418bf49d284fd7aa8e86c9e43,outer,Float32,medium,25000384,7,6796324,18269088,11639712,10383181.133056134,2241207.33673553
julia,2019-05-22T16:43:13.665,1.1.0,4cf7314e485eeea418bf49d284fd7aa8e86c9e43,outer,Float32,small,40384,7,14870,1623974,15269,18766.0465,59095.5481343533
julia,2019-05-22T16:43:13.665,1.1.0,4cf7314e485eeea418bf49d284fd7aa8e86c9e43,outer,Float32,large,400000384,7,161771203,212041037,164702445,168812512.26666668,12963300.28106937
julia,2019-05-22T16:43:13.665,1.1.0,4cf7314e485eeea418bf49d284fd7aa8e86c9e43,outer,Float32,tiny,448,6,228.62637362637363,10400.085714285715,239.1978021978022,323.770047032967,850.7486558930968
julia,2019-05-22T16:43:13.665,1.1.0,4cf7314e485eeea418bf49d284fd7aa8e86c9e43,outer,Float64,medium,50000384,7,21069473,72986479,22782361,23275250.81395349,3937636.4822618063
julia,2019-05-22T16:43:13.665,1.1.0,4cf7314e485eeea418bf49d284fd7aa8e86c9e43,outer,Float64,small,80384,7,15092,1498741,16139,22129.4689,72585.92649158167
julia,2019-05-22T16:43:13.665,1.1.0,4cf7314e485eeea418bf49d284fd7aa8e86c9e43,outer,Float64,large,800000384,7,306139231,362797204,311969733.5,322037114.3125,20452457.12984453
julia,2019-05-22T16:43:13.665,1.1.0,4cf7314e485eeea418bf49d284fd7aa8e86c9e43,outer,Float64,tiny,512,6,229.23972602739727,9281.01598173516,241.09817351598173,326.42533082191784,733.9884501773034
julia,2019-05-22T16:43:13.665,1.1.0,4cf7314e485eeea418bf49d284fd7aa8e86c9e43,outer,Complex{Float32},medium,50000384,7,28083826,79325203,29570700,30058627.173652694,4393395.900824756
julia,2019-05-22T16:43:13.665,1.1.0,4cf7314e485eeea418bf49d284fd7aa8e86c9e43,outer,Complex{Float32},small,80384,7,25968,1446227,26414,32505.9014,75335.32978763747
julia,2019-05-22T16:43:13.665,1.1.0,4cf7314e485eeea418bf49d284fd7aa8e86c9e43,outer,Complex{Float32},large,800000384,7,397736957,459263876,405046976.5,419559636.8333333,23362297.065811224
julia,2019-05-22T16:43:13.665,1.1.0,4cf7314e485eeea418bf49d284fd7aa8e86c9e43,outer,Complex{Float32},tiny,512,6,254.8507042253521,10742.554929577465,268.39154929577467,354.8216388732394,826.9522892742555
julia,2019-05-22T16:43:13.665,1.1.0,4cf7314e485eeea418bf49d284fd7aa8e86c9e43,batchmul,Complex{Float64},medium,2244816,109,787369,476654822,848183,1353010.3053206003,7907969.2207457805
julia,2019-05-22T16:43:13.665,1.1.0,4cf7314e485eeea418bf49d284fd7aa8e86c9e43,batchmul,Complex{Float64},small,28464,98,22748,2994516,23857,28634.6009,78031.48268054856
julia,2019-05-22T16:43:13.665,1.1.0,4cf7314e485eeea418bf49d284fd7aa8e86c9e43,batchmul,Complex{Float64},large,224004816,109,488079062,600504932,560947725,560969396.6666666,32368863.694265522
julia,2019-05-22T16:43:13.665,1.1.0,4cf7314e485eeea418bf49d284fd7aa8e86c9e43,batchmul,Complex{Float64},tiny,5712,98,16239,3751162,16976,18381.8078,37539.06390369818
julia,2019-05-22T16:43:13.665,1.1.0,4cf7314e485eeea418bf49d284fd7aa8e86c9e43,batchmul,Float32,medium,564816,109,250544,443080947,317301.5,488558.217,4468047.20894766
julia,2019-05-22T16:43:13.665,1.1.0,4cf7314e485eeea418bf49d284fd7aa8e86c9e43,batchmul,Float32,small,10656,98,18882,3443645,19840,22920.334,63217.55666795698
julia,2019-05-22T16:43:13.665,1.1.0,4cf7314e485eeea418bf49d284fd7aa8e86c9e43,batchmul,Float32,large,56004816,109,72663861,120662569,78665408,80293608.55555555,6979075.456864645
julia,2019-05-22T16:43:13.665,1.1.0,4cf7314e485eeea418bf49d284fd7aa8e86c9e43,batchmul,Float32,tiny,5040,98,15223,4180686,16381,18361.3433,59007.85608824692
julia,2019-05-22T16:43:13.665,1.1.0,4cf7314e485eeea418bf49d284fd7aa8e86c9e43,batchmul,Float64,medium,1124816,109,360731,413968591,389897,627530.7027232426,4709218.803764174
julia,2019-05-22T16:43:13.665,1.1.0,4cf7314e485eeea418bf49d284fd7aa8e86c9e43,batchmul,Float64,small,16368,98,20603,3005779,21596,26396.0774,63930.295748477954
julia,2019-05-22T16:43:13.665,1.1.0,4cf7314e485eeea418bf49d284fd7aa8e86c9e43,batchmul,Float64,large,112004816,109,154973421,263389371,224609298,207481083.08,42144114.12704376
julia,2019-05-22T16:43:13.665,1.1.0,4cf7314e485eeea418bf49d284fd7aa8e86c9e43,batchmul,Float64,tiny,5264,98,15885,5266371,17141,19518.4286,74000.3523286584
julia,2019-05-22T16:43:13.665,1.1.0,4cf7314e485eeea418bf49d284fd7aa8e86c9e43,batchmul,Complex{Float32},medium,1124816,109,473922,465083388,560808,937692.3087096164,6468785.056398981
julia,2019-05-22T16:43:13.665,1.1.0,4cf7314e485eeea418bf49d284fd7aa8e86c9e43,batchmul,Complex{Float32},small,16368,98,21965,3029619,23059,27604.7138,65984.63945021165
julia,2019-05-22T16:43:13.665,1.1.0,4cf7314e485eeea418bf49d284fd7aa8e86c9e43,batchmul,Complex{Float32},large,112004816,109,229886419,433159899,331372467,316670394.6875,62052676.53528066
julia,2019-05-22T16:43:13.665,1.1.0,4cf7314e485eeea418bf49d284fd7aa8e86c9e43,batchmul,Complex{Float32},tiny,5264,98,16629,5519641,17493,20336.6921,69393.50271005013
julia,2019-05-22T16:43:13.665,1.1.0,4cf7314e485eeea418bf49d284fd7aa8e86c9e43,perm,Complex{Float64},medium,160384,7,18354,4462757,25578.5,44875.2343,165943.7444466609
julia,2019-05-22T16:43:13.665,1.1.0,4cf7314e485eeea418bf49d284fd7aa8e86c9e43,perm,Complex{Float64},small,640,6,188.25117004680186,9819.377535101405,193.4414976599064,314.62702620904844,668.0617619001881
julia,2019-05-22T16:43:13.665,1.1.0,4cf7314e485eeea418bf49d284fd7aa8e86c9e43,perm,Complex{Float64},large,12960384,7,7897900,21233256,11813588,11870956.365795724,2112293.737869959
julia,2019-05-22T16:43:13.665,1.1.0,4cf7314e485eeea418bf49d284fd7aa8e86c9e43,perm,Complex{Float64},tiny,400,6,165.132,10732.174666666666,169.55733333333333,261.05966333333333,664.3266791126025
julia,2019-05-22T16:43:13.665,1.1.0,4cf7314e485eeea418bf49d284fd7aa8e86c9e43,perm,Float32,medium,40384,7,12116,1723713,12860,16564.4886,58859.10181940401
julia,2019-05-22T16:43:13.665,1.1.0,4cf7314e485eeea418bf49d284fd7aa8e86c9e43,perm,Float32,small,448,6,199.22990654205609,10644.745794392524,209.02803738317758,301.69656,711.0771741403786
julia,2019-05-22T16:43:13.665,1.1.0,4cf7314e485eeea418bf49d284fd7aa8e86c9e43,perm,Float32,large,3240384,7,1594622,12172522,2356682,2970112.805125149,1575531.6971153175
julia,2019-05-22T16:43:13.665,1.1.0,4cf7314e485eeea418bf49d284fd7aa8e86c9e43,perm,Float32,tiny,400,6,169.46826516220028,11676.764456981664,175.67348377997178,279.7302660084626,720.9920982152643
julia,2019-05-22T16:43:13.665,1.1.0,4cf7314e485eeea418bf49d284fd7aa8e86c9e43,perm,Float64,medium,80384,7,10298,2962641,12081,18278.7175,82623.88918520177
julia,2019-05-22T16:43:13.665,1.1.0,4cf7314e485eeea418bf49d284fd7aa8e86c9e43,perm,Float64,small,512,6,209.14728682170542,8837.108527131782,213.0746124031008,306.098618992248,685.5544908903755
julia,2019-05-22T16:43:13.665,1.1.0,4cf7314e485eeea418bf49d284fd7aa8e86c9e43,perm,Float64,large,6480384,7,4233542,15083644,5779879,6040489.604116223,1491699.5949276802
julia,2019-05-22T16:43:13.665,1.1.0,4cf7314e485eeea418bf49d284fd7aa8e86c9e43,perm,Float64,tiny,400,6,171.96498599439775,7756.943977591037,176.1778711484594,268.79957394957984,674.0361911563901
julia,2019-05-22T16:43:13.665,1.1.0,4cf7314e485eeea418bf49d284fd7aa8e86c9e43,perm,Complex{Float32},medium,80384,7,10397,1677354,11837.5,17254.0179,74986.37965184549
julia,2019-05-22T16:43:13.665,1.1.0,4cf7314e485eeea418bf49d284fd7aa8e86c9e43,perm,Complex{Float32},small,512,6,182.91090629800308,7843.5929339477725,186.67281105990784,273.4433496159754,611.0746352419941
julia,2019-05-22T16:43:13.665,1.1.0,4cf7314e485eeea418bf49d284fd7aa8e86c9e43,perm,Complex{Float32},large,6480384,7,4275142,12792478,5715385,5873537.970553593,1228244.3924225655
julia,2019-05-22T16:43:13.665,1.1.0,4cf7314e485eeea418bf49d284fd7aa8e86c9e43,perm,Complex{Float32},tiny,400,6,163.69302949061662,9747.313672922251,167.91152815013405,255.35856514745308,662.0786566226915
python-numpy,2019-05-22T14:21:11.856,3.6.7,,matmul,Float32,tiny,,,1957.9892978072166,48657.99564868212,2117.0126274228096,2320.7757937034853,957.7035584354388
python-numpy,2019-05-22T14:21:11.856,3.6.7,,matmul,Float64,tiny,,,1951.9939087331295,58877.04901397228,2148.0373106896877,2334.481391146861,1038.988468951972
python-numpy,2019-05-22T14:21:11.856,3.6.7,,matmul,Complex{Float32},tiny,,,2044.0202206373215,63032.95958787203,2256.0125216841698,2651.107540815015,1142.677497280098
python-numpy,2019-05-22T14:21:11.856,3.6.7,,matmul,Complex{Float64},tiny,,,1953.041646629572,52621.00603431463,2246.0008040070534,2504.5274350060536,1073.9814832313955
python-numpy,2019-05-22T14:21:11.856,3.6.7,,matmul,Float32,small,,,2951.0119929909706,56068.99503618479,3188.03358823061,3690.7204923782924,1448.0467670466705
python-numpy,2019-05-22T14:21:11.856,3.6.7,,matmul,Float64,small,,,3225.9849831461906,102100.02074018121,3423.9492379128933,4256.982860189408,1907.580108969373
python-numpy,2019-05-22T14:21:11.856,3.6.7,,matmul,Complex{Float32},small,,,5748.996045440435,81159.98934954405,5976.005923002958,6489.499543905272,2012.584311222299
python-numpy,2019-05-22T14:21:11.856,3.6.7,,matmul,Complex{Float64},small,,,5758.018232882023,77689.00832161307,6117.974407970905,7008.825692555902,2420.9860780708646
python-numpy,2019-05-22T14:21:11.856,3.6.7,,matmul,Float32,medium,,,2629.996743053198,46700.0063508749,2763.990778476,3092.0391188998083,1096.5315562587828
python-numpy,2019-05-22T14:21:11.856,3.6.7,,matmul,Float64,medium,,,2704.968210309744,68493.01280453801,2862.012479454279,3400.6715101762547,1328.0977925344341
python-numpy,2019-05-22T14:21:11.856,3.6.7,,matmul,Complex{Float32},medium,,,4091.9985622167587,60356.97879269719,4237.983375787735,4640.242568946449,1664.4601103477958
python-numpy,2019-05-22T14:21:11.856,3.6.7,,matmul,Complex{Float64},medium,,,4142.988473176956,3036731.9704964757,4301.02227255702,5563.529230663547,15188.775269642889
python-numpy,2019-05-22T14:21:11.856,3.6.7,,matmul,Float32,large,,,2862.012479454279,14447.025023400784,5470.996256917715,4819.7192462304465,1529.2214312600304
python-numpy,2019-05-22T14:21:11.856,3.6.7,,matmul,Float64,large,,,2981.9784685969353,77840.98852425814,3165.0415621697903,4200.9917600614845,1865.7837373511072
python-numpy,2019-05-22T14:21:11.856,3.6.7,,matmul,Complex{Float32},large,,,4799.047019332647,508411.0307507217,4998.990334570408,6039.061809070332,3631.4197600903963
python-numpy,2019-05-22T14:21:11.856,3.6.7,,matmul,Complex{Float64},large,,,4996.021743863821,79981.9827079773,5415.990017354488,7220.879966775926,2949.7145973213646
python-numpy,2019-05-22T14:21:11.856,3.6.7,,batchmul,Float32,tiny,,,2890.0103643536568,80034.95167940855,3052.9918149113655,3706.0020361452994,1855.975158267713
python-numpy,2019-05-22T14:21:11.856,3.6.7,,batchmul,Float64,tiny,,,2742.0464903116226,72185.99785119295,3022.9566618800163,3391.0580521667257,1614.6720778801596
python-numpy,2019-05-22T14:21:11.856,3.6.7,,batchmul,Complex{Float32},tiny,,,2752.9895305633545,75495.04516646266,3030.989319086075,3413.597552786326,1497.6241450415584
python-numpy,2019-05-22T14:21:11.856,3.6.7,,batchmul,Complex{Float64},tiny,,,2671.0331439971924,64002.000726759434,2938.963007181883,3163.4796461390824,1193.4364902912869
python-numpy,2019-05-22T14:21:11.856,3.6.7,,batchmul,Float32,small,,,10997.988283634186,92825.96874982119,11585.012543946505,12302.919280555032,3418.985782694101
python-numpy,2019-05-22T14:21:11.856,3.6.7,,batchmul,Float64,small,,,12496.020644903183,520055.99718540907,14096.96415066719,16555.70041253569,6095.185224043365
python-numpy,2019-05-22T14:21:11.856,3.6.7,,batchmul,Complex{Float32},small,,,18915.976397693157,112943.99155303836,20199.04786720872,21681.53420272368,5718.975429921394
python-numpy,2019-05-22T14:21:11.856,3.6.7,,batchmul,Complex{Float64},small,,,18580.991309136152,208774.9890051782,20151.02654695511,23403.93897144551,8477.516613529711
python-numpy,2019-05-22T14:21:11.856,3.6.7,,batchmul,Float32,medium,,,8021.015673875809,84041.03573411703,8460.01785248518,9239.076178438097,3043.2947855507427
python-numpy,2019-05-22T14:21:11.856,3.6.7,,batchmul,Float64,medium,,,9064.038749784231,86727.02824696898,9594.019502401352,10307.797976291587,2983.262697139297
python-numpy,2019-05-22T14:21:11.856,3.6.7,,batchmul,Complex{Float32},medium,,,12003.001756966114,512990.98413437605,12641.01592823863,13993.622138571101,5003.451993610868
python-numpy,2019-05-22T14:21:11.856,3.6.7,,batchmul,Complex{Float64},medium,,,11939.962860196829,95640.01811668277,12772.97269552946,14019.43980133115,4222.937879287211
python-numpy,2019-05-22T14:21:11.856,3.6.7,,batchmul,Float32,large,,,9695.999324321747,371429.9527928233,10320.974979549646,13662.64431583421,5410.185433889053
python-numpy,2019-05-22T14:21:11.856,3.6.7,,batchmul,Float64,large,,,10279.007256031036,152823.98089766502,11450.028978288174,13041.803699985543,4743.381514772453
python-numpy,2019-05-22T14:21:11.856,3.6.7,,batchmul,Complex{Float32},large,,,14435.965567827225,93540.99165648222,14722.987543791533,15958.852904542553,4502.6365646819095
python-numpy,2019-05-22T14:21:11.856,3.6.7,,batchmul,Complex{Float64},large,,,14337.01254427433,105571.99129834771,16039.994079619646,19450.821089860856,6326.316465327085
python-numpy,2019-05-22T14:21:11.856,3.6.7,,dot,Float32,tiny,,,1808.0463632941246,67382.00318068266,2018.9909264445305,2192.9430139590613,1074.500021671216
python-numpy,2019-05-22T14:21:11.856,3.6.7,,dot,Float64,tiny,,,1813.9835447072983,73897.01204374433,2012.0060071349144,2361.8053278763296,1242.1357228618426
python-numpy,2019-05-22T14:21:11.856,3.6.7,,dot,Complex{Float32},tiny,,,1847.9768186807632,81571.98317348957,2038.0248315632343,2314.769263717183,1266.898577450988
python-numpy,2019-05-22T14:21:11.856,3.6.7,,dot,Complex{Float64},tiny,,,1800.013706088066,52514.02035355568,1999.0256987512112,2218.439272571225,1001.1687988658734
python-numpy,2019-05-22T14:21:11.856,3.6.7,,dot,Float32,small,,,2465.9675545990467,114553.95724624395,2657.9946279525757,3081.3150892624717,1975.3237720481065
python-numpy,2019-05-22T14:21:11.856,3.6.7,,dot,Float64,small,,,2835.00412479043,107074.97131079435,3042.980097234249,3431.950699646519,2363.4392736950213
python-numpy,2019-05-22T14:21:11.856,3.6.7,,dot,Complex{Float32},small,,,3830.005880445242,84193.0159367621,4199.042450636625,4937.357547618965,2236.089048778535
python-numpy,2019-05-22T14:21:11.856,3.6.7,,dot,Complex{Float64},small,,,3941.997420042753,76366.00639671087,4220.9867388010025,4517.829384285595,1608.9055946766478
python-numpy,2019-05-22T14:21:11.856,3.6.7,,dot,Float32,medium,,,4840.025212615728,78270.0371928513,5235.98282597959,5649.679385605002,1752.6660211859862
python-numpy,2019-05-22T14:21:11.856,3.6.7,,dot,Float64,medium,,,7611.990440636873,83221.99573740363,8268.98030936718,8976.0673369346,2725.751345054227
python-numpy,2019-05-22T14:21:11.856,3.6.7,,dot,Complex{Float32},medium,,,15947.967767715454,178786.98417916894,17269.04883980751,20600.531025939537,6994.518901901458
python-numpy,2019-05-22T14:21:11.856,3.6.7,,dot,Complex{Float64},medium,,,16110.017895698547,100954.95963469148,19714.003428816795,23799.876079709753,7231.219180428068
python-numpy,2019-05-22T14:21:11.856,3.6.7,,dot,Float32,large,,,44444.98335942626,152486.02721840143,44833.4903921932,48627.17378933459,6775.444462573972
python-numpy,2019-05-22T14:21:11.856,3.6.7,,dot,Float64,large,,,84789.99370709062,667813.0012005568,97716.5182121098,105756.38083883318,31569.632690632487
python-numpy,2019-05-22T14:21:11.856,3.6.7,,dot,Complex{Float32},large,,,215000.00730156898,767062.0107091963,232129.0085092187,271826.62106709776,78966.213129173
python-numpy,2019-05-22T14:21:11.856,3.6.7,,dot,Complex{Float64},large,,,230997.9754500091,508192.98485293984,238781.96952864528,256195.53418183883,43601.53959047355
python-numpy,2019-05-22T14:21:11.856,3.6.7,,dot,Float32,huge,,,373223.0397872627,804242.0377023518,403151.9638374448,404344.0322034211,32986.69821828014
python-numpy,2019-05-22T14:21:11.856,3.6.7,,dot,Float64,huge,,,723266.9740915298,1356535.9986387193,784396.0192985833,790014.047957718,28413.264524067177
python-numpy,2019-05-22T14:21:11.856,3.6.7,,dot,Complex{Float32},huge,,,1724271.0455320776,4014139.005448669,2009651.0415896773,2222839.875178923,462211.24138880876
python-numpy,2019-05-22T14:21:11.856,3.6.7,,dot,Complex{Float64},huge,,,1890877.9602497816,3628112.9578128457,1993917.0160796493,2131516.0502126673,317592.07085968455
python-numpy,2019-05-22T14:21:11.856,3.6.7,,trace,Float32,tiny,,,1542.0373529195786,70686.97595968843,1665.9614630043507,1961.8386167608057,1436.9820441663528
python-numpy,2019-05-22T14:21:11.856,3.6.7,,trace,Float64,tiny,,,1483.0147847533226,56961.027439683676,1614.9715520441532,1781.1375411474237,953.4825988677263
python-numpy,2019-05-22T14:21:11.856,3.6.7,,trace,Complex{Float32},tiny,,,1492.9682947695255,70901.99505910277,1647.9752957820892,1827.613617563196,1027.0346499264851
python-numpy,2019-05-22T14:21:11.856,3.6.7,,trace,Complex{Float64},tiny,,,1515.0289982557297,63250.01595541835,1651.0020941495895,1873.3141096292388,1032.5143154785487
python-numpy,2019-05-22T14:21:11.856,3.6.7,,trace,Float32,small,,,1504.0277503430843,62135.979533195496,1656.9974832236767,1854.1587251497342,1052.1620573426833
python-numpy,2019-05-22T14:21:11.856,3.6.7,,trace,Float64,small,,,1512.0021998882294,71393.03488656878,1643.95896717906,1840.144853608993,951.5291254374933
python-numpy,2019-05-22T14:21:11.856,3.6.7,,trace,Complex{Float32},small,,,1510.954461991787,64264.98293876648,1647.9752957820892,1931.7369986362517,1037.9701164653663
python-numpy,2019-05-22T14:21:11.856,3.6.7,,trace,Complex{Float64},small,,,1496.0533007979393,51883.04930925369,1631.9681890308857,1788.3821114917596,874.8510940102457
python-numpy,2019-05-22T14:21:11.856,3.6.7,,trace,Float32,medium,,,1462.0018191635609,173496.02421745658,1653.9706848561764,2285.641628808646,1907.0699916649035
python-numpy,2019-05-22T14:21:11.856,3.6.7,,trace,Float64,medium,,,1574.982888996601,51008.01354274154,1682.0267774164677,2105.441867987314,1111.8372397517855
python-numpy,2019-05-22T14:21:11.856,3.6.7,,trace,Complex{Float32},medium,,,1540.0000847876072,69959.0309523046,1651.9916243851185,1995.0830664369537,1223.4045605631227
python-numpy,2019-05-22T14:21:11.856,3.6.7,,trace,Complex{Float64},medium,,,1457.9854905605316,48978.02136838436,1652.9811546206474,1920.1353201908703,972.6605670309641
python-numpy,2019-05-22T14:21:11.856,3.6.7,,trace,Float32,large,,,1434.993464499712,70490.00123515725,1548.9640645682812,1713.6024149996022,1022.5590193360454
python-numpy,2019-05-22T14:21:11.856,3.6.7,,trace,Float64,large,,,1428.008545190096,72886.00318133831,1514.0394680202007,1638.0357614101333,1072.490486260617
python-numpy,2019-05-22T14:21:11.856,3.6.7,,trace,Complex{Float32},large,,,1408.974640071392,70883.01936164498,1504.0277503430843,1650.3737299443233,1108.841463983524
python-numpy,2019-05-22T14:21:11.856,3.6.7,,trace,Complex{Float64},large,,,1470.9657989442348,62759.965658187866,1634.994987398386,2366.120855789019,1256.4743867264904
python-numpy,2019-05-22T14:21:11.856,3.6.7,,ptrace,Float32,tiny,,,1682.0267774164677,103682.97807872295,1899.0249373018742,2529.378699136603,1557.5157191073756
python-numpy,2019-05-22T14:21:11.856,3.6.7,,ptrace,Float64,tiny,,,1736.974809318781,103066.03508070111,1906.0098566114902,2363.7771720779833,1279.6306898975247
python-numpy,2019-05-22T14:21:11.856,3.6.7,,ptrace,Complex{Float32},tiny,,,1626.9623301923275,70149.02075752616,1723.9945009350777,1951.8217192129514,1275.8200559589145
python-numpy,2019-05-22T14:21:11.856,3.6.7,,ptrace,Complex{Float64},tiny,,,1617.9983504116535,72532.97371789813,1733.0166883766651,1891.5466414443815,1038.7645584467305
python-numpy,2019-05-22T14:21:11.856,3.6.7,,ptrace,Float32,small,,,1672.0150597393513,83670.02010345459,1820.9684640169144,2020.310279898151,1183.3193639153271
python-numpy,2019-05-22T14:21:11.856,3.6.7,,ptrace,Float64,small,,,1712.9932530224323,49652.0078741014,1813.9835447072983,1950.1205046791752,1017.6894790883338
python-numpy,2019-05-22T14:21:11.856,3.6.7,,ptrace,Complex{Float32},small,,,1715.0305211544037,62271.02130651474,1876.96423381567,2220.204646705598,1247.4740068173842
python-numpy,2019-05-22T14:21:11.856,3.6.7,,ptrace,Complex{Float64},small,,,1874.9851733446121,59187.994338572025,2070.0390450656414,2351.661498757172,1176.1571636782908
python-numpy,2019-05-22T14:21:11.856,3.6.7,,ptrace,Float32,medium,,,2107.000909745693,54958.04361999035,2249.0276023745537,2489.189594441492,1103.9152609137875
python-numpy,2019-05-22T14:21:11.856,3.6.7,,ptrace,Float64,medium,,,2234.999556094408,364742.00896918774,2411.0195226967335,3040.76606629783,2792.8290373876293
python-numpy,2019-05-22T14:21:11.856,3.6.7,,ptrace,Complex{Float32},medium,,,2299.9593056738377,59754.99516353011,2444.0232664346695,2696.8932303365004,1171.4363417989048
python-numpy,2019-05-22T14:21:11.856,3.6.7,,ptrace,Complex{Float64},medium,,,2471.0316210985184,61882.01950863004,2626.9699446856976,3305.515962727514,1360.0779480688589
python-numpy,2019-05-22T14:21:11.856,3.6.7,,ptrace,Float32,large,,,3274.0063033998013,63106.01020231843,3452.9948607087135,4383.776752406517,1699.2616949320154
python-numpy,2019-05-22T14:21:11.856,3.6.7,,ptrace,Float64,large,,,3744.964487850666,53481.02422431111,3894.9656300246716,4253.608807967667,1367.3198384044986
python-numpy,2019-05-22T14:21:11.856,3.6.7,,ptrace,Complex{Float32},large,,,4174.013156443834,163216.02743119,4347.006324678659,5000.370913182124,2096.9054461172123
python-numpy,2019-05-22T14:21:11.856,3.6.7,,ptrace,Complex{Float64},large,,,5101.959686726332,62432.02369660139,5293.986760079861,5770.209542021561,1793.3553312776473
python-numpy,2019-05-22T14:21:11.856,3.6.7,,ptrace,Float32,huge,,,6620.015483349562,67313.0271025002,7084.978278726339,8803.186544691562,2575.913554754854
python-numpy,2019-05-22T14:21:11.856,3.6.7,,ptrace,Float64,huge,,,8173.985406756401,66620.00669166446,8687.027730047703,9584.783882824348,2631.6290046189297
python-numpy,2019-05-22T14:21:11.856,3.6.7,,ptrace,Complex{Float32},huge,,,10174.000635743141,65833.970438689,10714.051313698292,12036.399878912398,2649.4924022620708
python-numpy,2019-05-22T14:21:11.856,3.6.7,,ptrace,Complex{Float64},huge,,,12498.98923560977,84568.97921860218,14039.978850632906,14761.100562495318,3614.58402886264
python-numpy,2019-05-22T14:21:11.856,3.6.7,,diag,Float32,tiny,,,612.0535545051098,54400.00677481294,684.9877536296844,792.89900904486,707.9493053106411
python-numpy,2019-05-22T14:21:11.856,3.6.7,,diag,Float64,tiny,,,681.0296326875687,99949.01483878493,745.9893822669983,974.9923958265382,906.0417267846967
python-numpy,2019-05-22T14:21:11.856,3.6.7,,diag,Complex{Float32},tiny,,,688.0145519971848,68968.97684782743,749.0161806344986,952.5720518298148,890.294921562182
python-numpy,2019-05-22T14:21:11.856,3.6.7,,diag,Complex{Float64},tiny,,,678.0028343200684,69530.97181394696,733.998604118824,927.4319365060925,814.4319945058367
python-numpy,2019-05-22T14:21:11.856,3.6.7,,diag,Float32,small,,,678.9923645555973,117181.9749288261,736.0358722507954,945.0584036327242,934.6159610343295
python-numpy,2019-05-22T14:21:11.856,3.6.7,,diag,Float64,small,,,622.9965947568417,58880.01760467887,733.998604118824,931.9377690984642,724.1520790754238
python-numpy,2019-05-22T14:21:11.856,3.6.7,,diag,Complex{Float32},small,,,637.0246410369873,57385.01204177737,728.9927452802658,924.0396277469995,636.8893123106203
python-numpy,2019-05-22T14:21:11.856,3.6.7,,diag,Complex{Float64},small,,,678.0028343200684,78727.95686125755,738.0149327218533,977.8035534260123,744.591261139688
python-numpy,2019-05-22T14:21:11.856,3.6.7,,diag,Float32,medium,,,681.9609552621841,98534.97613221407,890.9846656024456,1208.4999711851524,1042.8841741512542
python-numpy,2019-05-22T14:21:11.856,3.6.7,,diag,Float64,medium,,,674.976035952568,72052.99334600568,725.9659469127655,841.8703615434574,586.592390600875
python-numpy,2019-05-22T14:21:11.856,3.6.7,,diag,Complex{Float32},medium,,,679.9818947911263,58275.99670737982,732.0195436477661,865.8620658978201,681.357948643156
python-numpy,2019-05-22T14:21:11.856,3.6.7,,diag,Complex{Float64},medium,,,675.965566188097,72243.97268146276,723.9868864417076,847.0408948657805,648.6816862875971
python-numpy,2019-05-22T14:21:11.856,3.6.7,,diag,Float32,large,,,667.991116642952,47167.99594461918,732.0195436477661,931.7982541192649,670.4675248946078
python-numpy,2019-05-22T14:21:11.856,3.6.7,,diag,Float64,large,,,621.0175342857838,53743.01690608263,711.0065780580044,809.5297852539197,655.9312145730102
python-numpy,2019-05-22T14:21:11.856,3.6.7,,diag,Complex{Float32},large,,,617.9907359182835,71341.98676794767,682.0191629230976,830.8089543548974,947.4151821177304
python-numpy,2019-05-22T14:21:11.856,3.6.7,,diag,Complex{Float64},large,,,606.9894880056381,64955.96608147025,656.9898687303066,718.4794754857563,646.6682987261148
python-numpy,2019-05-22T14:21:11.856,3.6.7,,diag,Float32,huge,,,605.0104275345802,69184.98547747731,657.9793989658356,719.9124136894103,765.4419575278429
python-numpy,2019-05-22T14:21:11.856,3.6.7,,diag,Float64,huge,,,610.9476089477539,93281.03624284267,661.9957275688648,728.2753871874779,769.6117130587259
python-numpy,2019-05-22T14:21:11.856,3.6.7,,diag,Complex{Float32},huge,,,615.0221452116966,75800.98463222384,663.9747880399227,732.2877844105502,773.6664191107541
python-numpy,2019-05-22T14:21:11.856,3.6.7,,diag,Complex{Float64},huge,,,606.9894880056381,70121.02287262678,655.0108082592487,726.8774027696006,706.3936170005404
python-numpy,2019-05-22T14:21:11.856,3.6.7,,perm,Float32,tiny,,,651.9840098917484,68454.01367172599,703.9634510874748,769.2964201905767,757.4876986032252
python-numpy,2019-05-22T14:21:11.856,3.6.7,,perm,Float64,tiny,,,647.0363587141037,116861.01788654923,699.0157999098301,759.5499759784972,805.8271545046427
python-numpy,2019-05-22T14:21:11.856,3.6.7,,perm,Complex{Float32},tiny,,,650.0049494206905,35743.985790759325,711.9961082935333,774.5011290322876,599.1156196612413
python-numpy,2019-05-22T14:21:11.856,3.6.7,,perm,Complex{Float64},tiny,,,662.9852578043938,96520.00153437257,782.0199243724346,958.5495735191685,761.0624599937292
python-numpy,2019-05-22T14:21:11.856,3.6.7,,perm,Float32,small,,,713.0438461899757,65975.00760108232,775.0350050628185,978.0278530100826,794.2538260718106
python-numpy,2019-05-22T14:21:11.856,3.6.7,,perm,Float64,small,,,710.0170478224754,126819.0098926425,777.0140655338764,962.7077968994092,842.5118081038411
python-numpy,2019-05-22T14:21:11.856,3.6.7,,perm,Complex{Float32},small,,,716.0124368965626,76422.99169674516,775.0350050628185,961.2510955114611,767.7781920120156
python-numpy,2019-05-22T14:21:11.856,3.6.7,,perm,Complex{Float64},small,,,642.0304998755455,66412.96204179525,700.005330145359,758.16220241554,720.3968240940914
python-numpy,2019-05-22T14:21:11.856,3.6.7,,perm,Float32,medium,,,646.9781510531902,73366.97308346629,700.005330145359,753.5679755805346,608.283381923398
python-numpy,2019-05-22T14:21:11.856,3.6.7,,perm,Float64,medium,,,647.9676812887192,119901.0293930769,756.0010999441147,905.7051539907918,866.5760990845142
python-numpy,2019-05-22T14:21:11.856,3.6.7,,perm,Complex{Float32},medium,,,643.0200301110744,63183.01893770695,748.9579729735851,845.7597357469542,726.5268145628285
python-numpy,2019-05-22T14:21:11.856,3.6.7,,perm,Complex{Float64},medium,,,709.0275175869465,130934.9900111556,773.9872671663761,917.2888512198068,1021.2678043086031
python-numpy,2019-05-22T14:21:11.856,3.6.7,,perm,Float32,large,,,711.9961082935333,78882.96386227012,773.9872671663761,958.4020993024686,792.7246989168145
python-numpy,2019-05-22T14:21:11.856,3.6.7,,perm,Float64,large,,,668.9806468784809,70406.00758045912,760.0174285471439,914.0255914626346,875.2390851319836
python-numpy,2019-05-22T14:21:11.856,3.6.7,,perm,Complex{Float32},large,,,643.0200301110744,63635.99095493555,720.9600880742073,825.0796430451582,686.1619834214771
python-numpy,2019-05-22T14:21:11.856,3.6.7,,perm,Complex{Float64},large,,,639.0037015080452,73481.9914214313,707.9797796905041,813.261309562688,794.8799613803614
python-numpy,2019-05-22T14:21:11.856,3.6.7,,tcontract,Float32,tiny,,,1919.9796952307224,65206.02619275451,2081.0402929782867,2243.8104170164747,1085.6123023573953
python-numpy,2019-05-22T14:21:11.856,3.6.7,,tcontract,Float64,tiny,,,2000.01522898674,114971.01513668895,2246.0008040070534,2595.641880181553,1837.902327201987
python-numpy,2019-05-22T14:21:11.856,3.6.7,,tcontract,Complex{Float32},tiny,,,2123.9975467324257,82512.03689724207,2249.958924949169,2602.12418185004,1608.3950020954856
python-numpy,2019-05-22T14:21:11.856,3.6.7,,tcontract,Complex{Float64},tiny,,,1996.9884306192398,68282.01003372669,2273.998688906431,2529.4877735875484,1426.747077479284
python-numpy,2019-05-22T14:21:11.856,3.6.7,,tcontract,Float32,small,,,2766.9593691825867,74723.03695976734,3040.0115065276623,3249.8045681054673,1510.0235461067061
python-numpy,2019-05-22T14:21:11.856,3.6.7,,tcontract,Float64,small,,,2921.035047620535,125405.96071630716,3141.0017982125282,3443.2950839062223,1747.839889226793
python-numpy,2019-05-22T14:21:11.856,3.6.7,,tcontract,Complex{Float32},small,,,2907.0070013403893,105286.01706027985,3151.0135158896446,3446.619211501828,1560.3112548894205
python-numpy,2019-05-22T14:21:11.856,3.6.7,,tcontract,Complex{Float64},small,,,3037.0429158210754,128852.96018794179,3174.995072185993,3628.1911206666696,2239.441781654866
python-numpy,2019-05-22T14:21:11.856,3.6.7,,tcontract,Float32,medium,,,27220.987249165773,248017.9537087679,30365.015845745802,34425.08559482857,9302.346216130942
python-numpy,2019-05-22T14:21:11.856,3.6.7,,tcontract,Float64,medium,,,30706.985853612423,157777.97671034932,31067.00023636222,35606.290531639024,9127.358094349978
python-numpy,2019-05-22T14:21:11.856,3.6.7,,tcontract,Complex{Float32},medium,,,40127.953980118036,254722.0210544765,44709.01330932975,48994.71925885111,11457.200547932667
python-numpy,2019-05-22T14:21:11.856,3.6.7,,tcontract,Complex{Float64},medium,,,40340.0044888258,290509.0223066509,40619.983337819576,45000.21235482981,10517.49645075887
python-numpy,2019-05-22T14:21:11.856,3.6.7,,tcontract,Float32,large,,,594196.0262134671,1106385.0251957774,596327.9982097447,638880.0659795768,89650.10157327975
python-numpy,2019-05-22T14:21:11.856,3.6.7,,tcontract,Float64,large,,,704364.9675324559,1232935.9888099134,706836.5230225027,760206.8146911525,113973.51283126955
python-numpy,2019-05-22T14:21:11.856,3.6.7,,tcontract,Complex{Float32},large,,,1609578.0301839113,2467387.0066180825,1652739.0107512474,1697571.4947998435,120363.03118758604
python-numpy,2019-05-22T14:21:11.856,3.6.7,,tcontract,Complex{Float64},large,,,1615218.9928106964,2484738.011844456,1659068.9774602652,1699270.6420341542,119080.38985531712
python-numpy,2019-05-22T14:21:11.856,3.6.7,,star,Float32,tiny,,,2769.986167550087,72007.99882411957,2958.9864425361156,3186.8067664349423,1499.5527157490792
python-numpy,2019-05-22T14:21:11.856,3.6.7,,star,Float64,tiny,,,2760.9639801084995,75195.97420468926,2902.001142501831,3101.4052038004097,1464.6739026267985
python-numpy,2019-05-22T14:21:11.856,3.6.7,,star,Complex{Float32},tiny,,,2825.9819373488426,69923.9899404347,3220.047801733017,3436.053167645626,1240.3987220246418
python-numpy,2019-05-22T14:21:11.856,3.6.7,,star,Complex{Float64},tiny,,,2786.9828045368195,90175.01724883914,2932.0362955331802,3113.308117430635,1541.6946460183326
python-numpy,2019-05-22T14:21:11.856,3.6.7,,star,Float32,small,,,34180.9936799109,270879.0125325322,38044.003304094076,40739.465527310334,10417.992691047915
python-numpy,2019-05-22T14:21:11.856,3.6.7,,star,Float64,small,,,40234.008338302374,129764.957819134,41120.97667530179,44224.482162533146,9222.935261463414
python-numpy,2019-05-22T14:21:11.856,3.6.7,,star,Complex{Float32},small,,,66774.95548501611,189890.96861332655,67539.97877240181,71582.49113002769,12509.303265324565
python-numpy,2019-05-22T14:21:11.856,3.6.7,,star,Complex{Float64},small,,,89542.00893640518,236750.98782405257,90253.01551446319,95657.28689632428,15202.881673017755
python-numpy,2019-05-22T14:21:11.856,3.6.7,,star,Float32,medium,,,2336199.9774351716,3447695.984505117,2400880.039203912,2500897.376140689,238887.66156235442
python-numpy,2019-05-22T14:21:11.856,3.6.7,,star,Float64,medium,,,2939508.995041251,4592556.972056627,3029691.9867396355,3139643.1358419913,243660.79516700943
python-numpy,2019-05-22T14:21:11.856,3.6.7,,star,Complex{Float32},medium,,,5523767.03126356,9771337.965503335,6502001.982880756,6753371.954591085,795117.4293548854
python-numpy,2019-05-22T14:21:11.856,3.6.7,,star,Complex{Float64},medium,,,8613830.956164747,13577383.011579514,10861541.028134525,10622707.626654131,1453753.2989641146
python-numpy,2019-05-22T14:21:11.856,3.6.7,,star,Float32,large,,,321415388.0253434,350514952.0351552,333486965.9738615,333227007.9990849,11364460.751003778
python-numpy,2019-05-22T14:21:11.856,3.6.7,,star,Float64,large,,,394544273.9641294,405995010.9804049,399190577.9694207,399750889.59326965,4267180.286672955
python-numpy,2019-05-22T14:21:11.856,3.6.7,,star,Complex{Float32},large,,,733450705.0109096,854052092.0068957,796097490.9947253,799413452.4138644,50103454.364983544
python-numpy,2019-05-22T14:21:11.856,3.6.7,,star,Complex{Float64},large,,,1086700556.9743924,1261222900.0078514,1237048074.9523268,1187617510.3825517,86334609.26117225
python-numpy,2019-05-22T14:21:11.856,3.6.7,,starandcontract,Float32,tiny,,,2381.9738999009132,63311.01758405566,2557.0043362677097,2907.907372785752,1476.5383520781343
python-numpy,2019-05-22T14:21:11.856,3.6.7,,starandcontract,Float64,tiny,,,2435.990609228611,63606.014009565115,2798.9735826849937,3568.0440950631846,1946.9280683364086
python-numpy,2019-05-22T14:21:11.856,3.6.7,,starandcontract,Complex{Float32},tiny,,,2438.959199935198,74998.00994992256,2561.020664870739,2717.291860910995,1385.4957594411846
python-numpy,2019-05-22T14:21:11.856,3.6.7,,starandcontract,Complex{Float64},tiny,,,2399.9600671231747,74203.00971716642,2585.9917514026165,2810.401857994325,1498.0142309226544
python-numpy,2019-05-22T14:21:11.856,3.6.7,,starandcontract,Float32,small,,,5573.034286499023,69501.98439881206,5765.992682427168,6515.412678709254,2701.45685946445
python-numpy,2019-05-22T14:21:11.856,3.6.7,,starandcontract,Float64,small,,,5591.020453721285,78818.00411269069,5921.9892136752605,6542.434038340538,2480.783925644729
python-numpy,2019-05-22T14:21:11.856,3.6.7,,starandcontract,Complex{Float32},small,,,8054.019417613745,89767.97107607126,8314.96436148882,9485.259824276221,2815.979065427045
python-numpy,2019-05-22T14:21:11.856,3.6.7,,starandcontract,Complex{Float64},small,,,7291.964720934629,75185.03116443753,7469.032425433397,7971.690545450008,2367.9476969883044
python-numpy,2019-05-22T14:21:11.856,3.6.7,,starandcontract,Float32,medium,,,39089.994970709085,121192.01710447669,39315.957110375166,41452.814256852806,6957.430256108395
python-numpy,2019-05-22T14:21:11.856,3.6.7,,starandcontract,Float64,medium,,,39056.00169673562,134375.00456348062,39261.99860870838,41648.50262624856,7508.600723193464
python-numpy,2019-05-22T14:21:11.856,3.6.7,,starandcontract,Complex{Float32},medium,,,82532.99165517092,232849.03727471828,85780.9791341424,94407.64172696917,19949.846881789086
python-numpy,2019-05-22T14:21:11.856,3.6.7,,starandcontract,Complex{Float64},medium,,,82732.00364783406,237951.98649168015,92083.00616592169,101281.53618335271,23103.55083107583
python-numpy,2019-05-22T14:21:11.856,3.6.7,,starandcontract,Float32,large,,,1281480.013858527,1881544.0125763416,1339202.979579568,1369659.732919106,97452.97054480207
python-numpy,2019-05-22T14:21:11.856,3.6.7,,starandcontract,Float64,large,,,1284428.988583386,1893431.0064651072,1382036.9786117226,1421452.6598762278,124635.6718718285
python-numpy,2019-05-22T14:21:11.856,3.6.7,,starandcontract,Complex{Float32},large,,,2773512.0384022593,4147019.993979484,3073138.9997527003,3168324.2663061,331664.6108769527
python-numpy,2019-05-22T14:21:11.856,3.6.7,,starandcontract,Complex{Float64},large,,,2762958.9894786477,3917451.0166049004,2960201.003588736,3030040.0465440545,230589.70609755503
python-numpy,2019-05-22T14:21:11.856,3.6.7,,indexsum,Float32,tiny,,,1676.0313883423805,68410.99821031094,1886.044628918171,2050.2040501778893,1201.8609929302447
python-numpy,2019-05-22T14:21:11.856,3.6.7,,indexsum,Float64,tiny,,,1712.0037227869034,72581.98456838727,1902.0517356693745,2157.3765146316823,1305.4312419613696
python-numpy,2019-05-22T14:21:11.856,3.6.7,,indexsum,Complex{Float32},tiny,,,1739.0120774507523,79046.00352048874,1951.9939087331295,2186.246017237901,1188.9363686128402
python-numpy,2019-05-22T14:21:11.856,3.6.7,,indexsum,Complex{Float64},tiny,,,1692.038495093584,76965.02143517137,1939.0136003494263,2089.922991911196,945.353253769695
python-numpy,2019-05-22T14:21:11.856,3.6.7,,indexsum,Float32,small,,,2641.987521201372,72320.98141685128,2868.997398763895,3016.747098568349,1168.0155805254926
python-numpy,2019-05-22T14:21:11.856,3.6.7,,indexsum,Float64,small,,,2975.983079522848,76197.96087965369,3201.013896614313,3476.374514898341,1415.1346476630126
python-numpy,2019-05-22T14:21:11.856,3.6.7,,indexsum,Complex{Float32},small,,,3033.9579097926617,71640.00999182463,3244.0293580293655,3478.742159713667,1509.3517263550818
python-numpy,2019-05-22T14:21:11.856,3.6.7,,indexsum,Complex{Float64},small,,,3602.00647264719,77495.00218778849,3818.0151022970676,4147.431397158305,1762.9263424803346
python-numpy,2019-05-22T14:21:11.856,3.6.7,,indexsum,Float32,medium,,,15478.988643735647,95533.03243592381,15757.977962493896,17213.956223498604,4599.195667641993
python-numpy,2019-05-22T14:21:11.856,3.6.7,,indexsum,Float64,medium,,,20287.989173084497,99937.02406063676,21240.964997559786,22109.90343479577,4220.094715124112
python-numpy,2019-05-22T14:21:11.856,3.6.7,,indexsum,Complex{Float32},medium,,,23925.036657601595,103325.00096410513,24606.99761286378,26379.52761875411,5400.24424996411
python-numpy,2019-05-22T14:21:11.856,3.6.7,,indexsum,Complex{Float64},medium,,,32979.995012283325,165867.9684624076,33625.98363310099,35421.35895048489,6350.562405069509
python-numpy,2019-05-22T14:21:11.856,3.6.7,,indexsum,Float32,large,,,372207.0250660181,1364541.007205844,420138.4726911783,432441.1159091158,52373.98370484244
python-numpy,2019-05-22T14:21:11.856,3.6.7,,indexsum,Float64,large,,,708174.0186549723,1438962.9941433668,750987.0047215372,770731.6495002924,59699.63154993815
python-numpy,2019-05-22T14:21:11.856,3.6.7,,indexsum,Complex{Float32},large,,,806970.9874689579,1359325.9500339627,867702.008690685,885898.7748583916,58927.39316411553
python-numpy,2019-05-22T14:21:11.856,3.6.7,,indexsum,Complex{Float64},large,,,1472621.9815202057,2566537.0048955083,1591902.9829092324,1602585.963535273,85548.57684303996
python-numpy,2019-05-22T14:21:11.856,3.6.7,,hadamard,Float32,tiny,,,1860.9571270644665,56887.04550266266,2027.023583650589,2229.3582288404546,1211.3420874931712
python-numpy,2019-05-22T14:21:11.856,3.6.7,,hadamard,Float64,tiny,,,1858.9780665934086,59512.967709451914,1999.0256987512112,2156.193180038807,1185.060847342312
python-numpy,2019-05-22T14:21:11.856,3.6.7,,hadamard,Complex{Float32},tiny,,,1867.010723799467,76234.98095199466,2014.9745978415012,2174.7424433182264,1270.3808639585507
python-numpy,2019-05-22T14:21:11.856,3.6.7,,hadamard,Complex{Float64},tiny,,,1871.0270524024963,65936.0084682703,2020.038664340973,2172.209793210862,1225.4581070768147
python-numpy,2019-05-22T14:21:11.856,3.6.7,,hadamard,Float32,small,,,2590.9976102411747,65650.96555277705,2874.0032576024532,3064.219397900714,1347.2846389753038
python-numpy,2019-05-22T14:21:11.856,3.6.7,,hadamard,Float64,small,,,3224.0059226751328,64991.99662357569,3402.994479984045,3610.9686744119113,1527.0712725232095
python-numpy,2019-05-22T14:21:11.856,3.6.7,,hadamard,Complex{Float32},small,,,5216.978024691343,65987.98790946603,5459.99500900507,5806.090544900942,2066.8346275579697
python-numpy,2019-05-22T14:21:11.856,3.6.7,,hadamard,Complex{Float64},small,,,5811.976734548807,80949.97610896826,6102.956831455231,6688.35485825968,2547.925536508817
python-numpy,2019-05-22T14:21:11.856,3.6.7,,hadamard,Float32,medium,,,12810.982298105955,104270.9918692708,13148.004654794931,14647.717548240098,4451.496302958391
python-numpy,2019-05-22T14:21:11.856,3.6.7,,hadamard,Float64,medium,,,28898.99769797921,153618.98113042116,29632.006771862507,31914.25343187252,6727.385879034096
python-numpy,2019-05-22T14:21:11.856,3.6.7,,hadamard,Complex{Float32},medium,,,79663.99425640702,259193.99922713637,80496.01456150413,86028.77237084361,17427.66193761108
python-numpy,2019-05-22T14:21:11.856,3.6.7,,hadamard,Complex{Float64},medium,,,95619.005151093,309739.9603575468,99300.9889498353,108766.9448304377,25264.165846804015
python-numpy,2019-05-22T14:21:11.856,3.6.7,,hadamard,Float32,large,,,677511.0377930105,3078064.9976804852,748193.9974240959,911688.3880035175,331842.227463204
python-numpy,2019-05-22T14:21:11.856,3.6.7,,hadamard,Float64,large,,,2321534.96472165,4381103.033665568,2601246.495032683,2718794.926928742,299791.8829910765
python-numpy,2019-05-22T14:21:11.856,3.6.7,,hadamard,Complex{Float32},large,,,3708653.966896236,5834312.993101776,4069418.0061109364,4144933.1672808835,297376.56814835366
python-numpy,2019-05-22T14:21:11.856,3.6.7,,hadamard,Complex{Float64},large,,,5534808.035008609,10773768.997751176,6359375.489410013,6831417.491552061,1278370.8556901684
python-numpy,2019-05-22T14:21:11.856,3.6.7,,outer,Float32,tiny,,,1859.036274254322,60763.03543522954,2114.0440367162228,2240.7845561529934,1124.8069426783088
python-numpy,2019-05-22T14:21:11.856,3.6.7,,outer,Float64,tiny,,,1878.0119717121124,65311.0328130424,2003.973349928856,2198.2901521966837,1419.9136109737508
python-numpy,2019-05-22T14:21:11.856,3.6.7,,outer,Complex{Float32},tiny,,,1884.9968910217285,108537.03133761883,2086.046151816845,2330.760021496955,1460.6634377493356
python-numpy,2019-05-22T14:21:11.856,3.6.7,,outer,Complex{Float64},tiny,,,1883.0178305506706,66291.01699218154,2066.9540390372276,2218.613484324311,1291.0676745687276
python-numpy,2019-05-22T14:21:11.856,3.6.7,,outer,Float32,small,,,6101.035978645086,81098.98772090673,6328.977178782225,6846.4338417391655,2562.784015388347
python-numpy,2019-05-22T14:21:11.856,3.6.7,,outer,Float64,small,,,8353.032171726227,92622.0091059804,8829.985745251179,9564.965172883172,3180.186026726782
python-numpy,2019-05-22T14:21:11.856,3.6.7,,outer,Complex{Float32},small,,,33296.99393361807,195605.97138479352,33707.00869709253,37523.72568815391,11546.808136179596
python-numpy,2019-05-22T14:21:11.856,3.6.7,,outer,Complex{Float64},small,,,39641.9782191515,167875.02681836486,40062.00470030308,44680.69043259789,13135.478797053685
python-numpy,2019-05-22T14:21:11.856,3.6.7,,outer,Float32,medium,,,6487064.994871616,16527729.050721973,7291298.999916762,8334235.480735796,2404949.0433068746
python-numpy,2019-05-22T14:21:11.856,3.6.7,,outer,Float64,medium,,,26019433.978945017,39091279.03170884,27047838.957514614,27472002.74440859,2246905.6297173114
python-numpy,2019-05-22T14:21:11.856,3.6.7,,outer,Complex{Float32},medium,,,39192630.96759096,42766943.98140535,39977770.0076811,40222622.00075937,877194.7599467363
python-numpy,2019-05-22T14:21:11.856,3.6.7,,outer,Complex{Float64},medium,,,60593640.024308115,64024665.975011885,62258785.00845283,62122467.5051053,924164.8549416332
python-numpy,2019-05-22T14:21:11.856,3.6.7,,outer,Float32,large,,,211714702.01807097,233567060.02959982,213597414.95689377,217063420.0097993,9261310.49306631
python-numpy,2019-05-22T14:21:11.856,3.6.7,,outer,Float64,large,,,401049681.9973923,413886518.9743228,403873739.0073948,405445028.7949294,5152559.746163698
python-numpy,2019-05-22T14:21:11.856,3.6.7,,outer,Complex{Float32},large,,,581731037.9934497,606014727.0327435,595841835.02011,593828971.0087702,11426040.61005101
python-numpy,2019-05-22T14:21:11.856,3.6.7,,outer,Complex{Float64},large,,,913086829.0085346,919788751.9840151,915151212.0151892,915865695.6045889,2490841.7669651746
python-torch,2019-05-22T14:22:37.25,3.6.7,,matmul,Float32,tiny,,,27316.97168201208,112920.99952697754,28261.04173436761,30601.267434363697,7360.304194963222
python-torch,2019-05-22T14:22:37.25,3.6.7,,matmul,Float64,tiny,,,27701.02582871914,194938.9697983861,29201.96857303381,33283.189684502286,10443.657044910467
python-torch,2019-05-22T14:22:37.25,3.6.7,,matmul,Float32,small,,,31401.985324919224,143426.00479722023,33749.03462827206,36748.79306213453,9747.0721293042
python-torch,2019-05-22T14:22:37.25,3.6.7,,matmul,Float64,small,,,31813.979148864746,198852.96933352947,34956.96000754833,37812.52053700783,10420.070776654835
python-torch,2019-05-22T14:22:37.25,3.6.7,,matmul,Float32,medium,,,31483.9999191463,217330.9912905097,34552.99884080887,37592.134614171635,9919.647252219978
python-torch,2019-05-22T14:22:37.25,3.6.7,,matmul,Float64,medium,,,31535.979360342026,184600.99818184972,33541.000448167324,35419.05585978233,7009.025408820338
python-torch,2019-05-22T14:22:37.25,3.6.7,,matmul,Float32,large,,,31356.990803033113,196515.00042527914,33147.98232167959,35331.36652413136,8059.773749726729
python-torch,2019-05-22T14:22:37.25,3.6.7,,matmul,Float64,large,,,31617.004424333572,305351.04451701045,33385.99344715476,35575.39885703979,8020.312318105847
python-torch,2019-05-22T14:22:37.25,3.6.7,,batchmul,Float32,tiny,,,28269.016183912754,136210.9906040132,29560.993425548077,32134.433195830472,8351.436151625958
python-torch,2019-05-22T14:22:37.25,3.6.7,,batchmul,Float64,tiny,,,28217.036742717028,164032.0406295359,29804.999940097332,32193.131372521893,8148.075715078397
python-torch,2019-05-22T14:22:37.25,3.6.7,,batchmul,Float32,small,,,50029.950216412544,163179.99688908458,52605.98845779896,57383.24565750153,14160.091474531975
python-torch,2019-05-22T14:22:37.25,3.6.7,,batchmul,Float64,small,,,50504.98293712735,406210.0197188556,53079.04211804271,57307.23225379977,14145.78912211298
python-torch,2019-05-22T14:22:37.25,3.6.7,,batchmul,Float32,medium,,,49225.98600387573,363481.9877333939,50587.987061589956,54568.42113373064,12076.25296106387
python-torch,2019-05-22T14:22:37.25,3.6.7,,batchmul,Float64,medium,,,49381.982535123825,191212.98100799322,50424.01608079672,53798.78879626267,10361.235810232693
python-torch,2019-05-22T14:22:37.25,3.6.7,,batchmul,Float32,large,,,49780.006520450115,294769.0081782639,51137.00171932578,55677.204560973376,13225.050338345889
python-torch,2019-05-22T14:22:37.25,3.6.7,,batchmul,Float64,large,,,50199.97479394078,437042.03562811017,51306.968089193106,55440.43625343448,12438.292181467114
python-torch,2019-05-22T14:22:37.25,3.6.7,,dot,Float32,tiny,,,25057.990569621325,111980.94580322504,25715.96996858716,27637.705627252,6543.161672515436
python-torch,2019-05-22T14:22:37.25,3.6.7,,dot,Float64,tiny,,,25151.995941996574,592675.0018261373,25925.98320916295,28290.81815606832,10795.846607262485
python-torch,2019-05-22T14:22:37.25,3.6.7,,dot,Float32,small,,,36252.953577786684,132939.02156874537,40429.498767480254,42886.33548301911,8493.692074634475
python-torch,2019-05-22T14:22:37.25,3.6.7,,dot,Float64,small,,,36331.99958130717,170153.04183587432,39778.00952270627,45637.09339564655,11324.311377530963
python-torch,2019-05-22T14:22:37.25,3.6.7,,dot,Float32,medium,,,72782.04429894686,576906.0226157308,90794.98704522848,95593.24528535389,15296.502611249221
python-torch,2019-05-22T14:22:37.25,3.6.7,,dot,Float64,medium,,,67098.99753332138,310008.99616628885,87029.99912202358,92025.27534900981,14223.583547712076
python-torch,2019-05-22T14:22:37.25,3.6.7,,dot,Float32,large,,,847632.996737957,1278036.0411852598,982364.9888858199,994309.2573628054,79881.0779419968
python-torch,2019-05-22T14:22:37.25,3.6.7,,dot,Float64,large,,,840920.0236201286,1362103.9688587189,891537.4928619713,914651.8487250432,62132.56046999243
python-torch,2019-05-22T14:22:37.25,3.6.7,,dot,Float32,huge,,,6856760.999653488,8269048.994407058,7606999.017298222,7614414.402676413,278550.24690859794
python-torch,2019-05-22T14:22:37.25,3.6.7,,dot,Float64,huge,,,6956385.972443968,7793147.990014404,7268514.949828386,7292636.408450177,169454.69690443875
python-torch,2019-05-22T14:22:37.25,3.6.7,,trace,Float32,tiny,,,14413.963072001934,81281.00307658315,15033.00154581666,16428.56594235408,4662.790184870795
python-torch,2019-05-22T14:22:37.25,3.6.7,,trace,Float64,tiny,,,14217.046555131674,98520.01676335931,14749.006368219852,15677.140866863028,4376.765906034753
python-torch,2019-05-22T14:22:37.25,3.6.7,,trace,Float32,small,,,14364.952221512794,101567.01318919659,15032.012015581131,16519.37294754789,5213.684402785337
python-torch,2019-05-22T14:22:37.25,3.6.7,,trace,Float64,small,,,14412.04221919179,86778.01815792918,14890.9748531878,16052.100146589315,4593.753498892312
python-torch,2019-05-22T14:22:37.25,3.6.7,,trace,Float32,medium,,,14389.981515705585,97822.98002392054,15016.004908829927,16403.970923782657,5059.755014775117
python-torch,2019-05-22T14:22:37.25,3.6.7,,trace,Float64,medium,,,14496.967196464539,162172.01482504606,15888.974303379655,18821.161820016292,5338.243470877669
python-torch,2019-05-22T14:22:37.25,3.6.7,,trace,Float32,large,,,14336.023014038801,103127.96803191304,14844.001270830631,15953.927076119857,4455.24681598866
python-torch,2019-05-22T14:22:37.25,3.6.7,,trace,Float64,large,,,14327.990356832743,108228.99639606476,14854.012988507748,16062.171203919226,4805.664259945037
python-torch,2019-05-22T14:22:37.25,3.6.7,,ptrace,Float32,tiny,,,15229.976270347834,95669.9950620532,15767.000149935484,17449.191849057872,5615.455397529049
python-torch,2019-05-22T14:22:37.25,3.6.7,,ptrace,Float64,tiny,,,15405.996236950159,131088.0179516971,15894.998796284199,17448.96510809308,5382.670312625107
python-torch,2019-05-22T14:22:37.25,3.6.7,,ptrace,Float32,small,,,15403.027646243572,151025.0149294734,15939.00378793478,17019.035979720018,4538.17522124918
python-torch,2019-05-22T14:22:37.25,3.6.7,,ptrace,Float64,small,,,15601.981431245804,115011.0037997365,16156.991478055716,17368.344768569757,4850.3660979279575
python-torch,2019-05-22T14:22:37.25,3.6.7,,ptrace,Float32,medium,,,15628.000255674124,92962.00005337596,16347.999917343259,17892.613262028925,5008.937515646277
python-torch,2019-05-22T14:22:37.25,3.6.7,,ptrace,Float64,medium,,,15900.994185358286,156169.00054737926,16564.037650823593,17795.593097566736,4900.259166666068
python-torch,2019-05-22T14:22:37.25,3.6.7,,ptrace,Float32,large,,,16914.971638470888,131089.99701216817,17857.004422694445,19305.76651167772,5499.019934827317
python-torch,2019-05-22T14:22:37.25,3.6.7,,ptrace,Float64,large,,,16808.975487947464,157553.9936311543,17756.01413100958,19063.327089713363,4984.688493734674
python-torch,2019-05-22T14:22:37.25,3.6.7,,ptrace,Float32,huge,,,17789.017874747515,266403.9493538439,18912.01827675104,20291.61829568162,5766.035299190715
python-torch,2019-05-22T14:22:37.25,3.6.7,,ptrace,Float64,huge,,,18435.996025800705,248165.97579047084,19445.49148902297,21096.84678425767,5774.677837583493
python-torch,2019-05-22T14:22:37.25,3.6.7,,diag,Float32,tiny,,,7421.011105179787,118848.98412972689,7788.999937474728,8421.971897997846,2999.6462131856324
python-torch,2019-05-22T14:22:37.25,3.6.7,,diag,Float64,tiny,,,7518.043275922537,178291.9862307608,8008.0353654921055,8665.618757277805,3077.8868582803707
python-torch,2019-05-22T14:22:37.25,3.6.7,,diag,Float32,small,,,7466.995157301426,138039.00219500065,7935.974281281233,8554.213659165353,2845.9101686746935
python-torch,2019-05-22T14:22:37.25,3.6.7,,diag,Float64,small,,,7430.96461519599,133272.02759683132,7850.0015661120415,8622.836775472973,3323.2265767551394
python-torch,2019-05-22T14:22:37.25,3.6.7,,diag,Float32,medium,,,7372.000254690647,76611.00244149566,7881.02624937892,8627.943543435927,3145.5567922860914
python-torch,2019-05-22T14:22:37.25,3.6.7,,diag,Float64,medium,,,7505.00475987792,68458.96132290363,7850.99109634757,8415.424331076183,2677.330915955259
python-torch,2019-05-22T14:22:37.25,3.6.7,,diag,Float32,large,,,7448.950782418251,60561.98617443442,7946.975529193878,8551.978941450228,2580.8267980542205
python-torch,2019-05-22T14:22:37.25,3.6.7,,diag,Float64,large,,,7555.994670838118,72075.9853720665,8053.029887378216,8936.868094493786,2892.549545558549
python-torch,2019-05-22T14:22:37.25,3.6.7,,diag,Float32,huge,,,7475.9591370821,62270.96309885383,8067.989256232977,8532.578478280626,2267.901324436295
python-torch,2019-05-22T14:22:37.25,3.6.7,,diag,Float64,huge,,,7435.970474034548,91955.00751957297,8272.00710773468,8806.78181322481,2909.0680131885492
python-torch,2019-05-22T14:22:37.25,3.6.7,,perm,Float32,tiny,,,5508.01632925868,77673.9907450974,5843.001417815685,6386.990852035836,2453.158209480913
python-torch,2019-05-22T14:22:37.25,3.6.7,,perm,Float64,tiny,,,5470.006726682186,74081.99599012733,5976.005923002958,6429.158284510554,2220.932477270718
python-torch,2019-05-22T14:22:37.25,3.6.7,,perm,Float32,small,,,5408.015567809343,62713.98160606623,5748.996045440435,6072.44380883164,1964.801366527847
python-torch,2019-05-22T14:22:37.25,3.6.7,,perm,Float64,small,,,5480.0184443593025,62283.012084662914,5811.976734548807,6128.325693808971,1961.4426664135938
python-torch,2019-05-22T14:22:37.25,3.6.7,,perm,Float32,medium,,,5415.000487118959,89768.02928373218,5793.001037091017,6164.892886802633,2140.3578557274027
python-torch,2019-05-22T14:22:37.25,3.6.7,,perm,Float64,medium,,,5539.972335100174,72433.0311641097,5982.990842312574,6496.2214048996875,2473.3023471289443
python-torch,2019-05-22T14:22:37.25,3.6.7,,perm,Float32,large,,,5445.966962724924,61561.99378892779,5962.036084383726,6289.339341097268,1817.6787628861598
python-torch,2019-05-22T14:22:37.25,3.6.7,,perm,Float64,large,,,5581.998266279697,56842.982303351164,6044.982001185417,6465.56951900209,1909.964595017623
python-torch,2019-05-22T14:22:37.25,3.6.7,,tcontract,Float32,tiny,,,27963.018510490656,132165.9656241536,29541.959520429373,31525.008721334827,7506.627377705862
python-torch,2019-05-22T14:22:37.25,3.6.7,,tcontract,Float64,tiny,,,27920.992579311132,130055.0065934658,29504.99765574932,31454.148015003495,7347.65153889402
python-torch,2019-05-22T14:22:37.25,3.6.7,,tcontract,Float32,small,,,35820.00499591231,282329.972833395,37940.51008298993,40922.400369778035,9948.7162457349
python-torch,2019-05-22T14:22:37.25,3.6.7,,tcontract,Float64,small,,,36214.012652635574,121021.00299671292,38175.02874881029,40196.77326856506,8050.791903141693
python-torch,2019-05-22T14:22:37.25,3.6.7,,tcontract,Float32,medium,,,42646.017391234636,127131.00295513868,44977.00138017535,47828.21907122668,9670.113305372028
python-torch,2019-05-22T14:22:37.25,3.6.7,,tcontract,Float64,medium,,,43671.98562249541,170156.99995681643,45433.989726006985,47718.51311407528,8987.859685934698
python-torch,2019-05-22T14:22:37.25,3.6.7,,tcontract,Float32,large,,,95191.00422039628,364612.03126236796,99494.00555342436,106150.24242875914,20662.143231869763
python-torch,2019-05-22T14:22:37.25,3.6.7,,tcontract,Float64,large,,,118535.01200675964,486158.998683095,124096.98683768511,134294.96521336352,25950.69582945296
python-torch,2019-05-22T14:22:37.25,3.6.7,,star,Float32,tiny,,,40182.96021968126,141262.01858744025,41363.00412937999,44366.96113123329,9482.043491355149
python-torch,2019-05-22T14:22:37.25,3.6.7,,star,Float64,tiny,,,40084.9967263639,558022.0022238791,41196.99588045478,43832.68224452184,9953.585819196465
python-torch,2019-05-22T14:22:37.25,3.6.7,,star,Float32,small,,,47672.01608046889,148462.0152041316,50384.95874032378,53504.5954980033,10883.210202724184
python-torch,2019-05-22T14:22:37.25,3.6.7,,star,Float64,small,,,48483.023419976234,149898.98772910237,51311.04262545705,54063.0156064117,9962.884175581348
python-torch,2019-05-22T14:22:37.25,3.6.7,,star,Float32,medium,,,92018.04641634226,243411.98150068521,97293.98880153894,110641.19826466295,27732.69961059195
python-torch,2019-05-22T14:22:37.25,3.6.7,,star,Float64,medium,,,101206.00927621126,629610.9640970826,106780.96441552043,115492.24360154381,23868.658255741215
python-torch,2019-05-22T14:22:37.25,3.6.7,,star,Float32,large,,,2349173.999391496,3485090.972390026,2471896.9652894884,2582536.108695484,236691.83588509515
python-torch,2019-05-22T14:22:37.25,3.6.7,,star,Float64,large,,,5177529.00486812,7894105.976447463,6281192.00700894,6119801.40199001,653014.2726933913
python-torch,2019-05-22T14:22:37.25,3.6.7,,starandcontract,Float32,tiny,,,42766.97291061282,1119380.0019100308,43840.03113955259,48458.93361076521,17189.149286974407
python-torch,2019-05-22T14:22:37.25,3.6.7,,starandcontract,Float64,tiny,,,42554.98060956597,214056.9849871099,43843.494495376945,46933.97401167221,9750.194934962241
python-torch,2019-05-22T14:22:37.25,3.6.7,,starandcontract,Float32,small,,,50881.99395686388,154815.0321468711,53491.50160327554,57274.995745986,12042.540301852618
python-torch,2019-05-22T14:22:37.25,3.6.7,,starandcontract,Float64,small,,,51863.957196474075,161356.00162670016,54148.491472005844,58856.9153362083,13599.785626661507
python-torch,2019-05-22T14:22:37.25,3.6.7,,starandcontract,Float32,medium,,,91916.00838676095,497289.99147191644,98342.51250140369,104787.12143145782,19618.824230200476
python-torch,2019-05-22T14:22:37.25,3.6.7,,starandcontract,Float64,medium,,,93443.02816316485,278451.01431012154,101166.48627445102,107935.64208405057,20312.203220772546
python-torch,2019-05-22T14:22:37.25,3.6.7,,starandcontract,Float32,large,,,1551737.0193265378,2964169.019833207,1710237.4986279756,1822501.3611501912,221044.53244056756
python-torch,2019-05-22T14:22:37.25,3.6.7,,starandcontract,Float64,large,,,3515018.9651176333,5181298.998650163,3779295.0170114636,3796514.5159347598,248400.41797169857
python-torch,2019-05-22T14:22:37.25,3.6.7,,indexsum,Float32,tiny,,,13289.041817188263,95958.00656825304,14539.982657879591,16117.047605026124,5268.160842060333
python-torch,2019-05-22T14:22:37.25,3.6.7,,indexsum,Float64,tiny,,,13362.034223973751,74903.01504731178,13999.000657349825,15143.071908009684,4228.612520902282
python-torch,2019-05-22T14:22:37.25,3.6.7,,indexsum,Float32,small,,,14488.992746919394,92739.00650441647,15384.983271360397,16928.060655084482,5141.993391923857
python-torch,2019-05-22T14:22:37.25,3.6.7,,indexsum,Float64,small,,,14410.994481295347,87730.00445216894,15370.984328910708,16262.106673298074,4102.1395434986935
python-torch,2019-05-22T14:22:37.25,3.6.7,,indexsum,Float32,medium,,,35906.03591874242,120900.97879990935,36517.9730579257,39421.0483083627,8726.38659912646
python-torch,2019-05-22T14:22:37.25,3.6.7,,indexsum,Float64,medium,,,29143.004212528467,122443.01615282893,30479.9759760499,32474.933313755242,7363.359995606336
python-torch,2019-05-22T14:22:37.25,3.6.7,,indexsum,Float32,large,,,149053.98711562157,906294.968444854,192962.99433335662,222475.69198665777,65046.20254492388
python-torch,2019-05-22T14:22:37.25,3.6.7,,indexsum,Float64,large,,,439333.03095400333,1676864.9802543223,512970.4950377345,570433.445600639,124664.85175324102
python-torch,2019-05-22T14:22:37.25,3.6.7,,hadamard,Float32,tiny,,,11536.001693457365,94728.02048549056,12819.509720429778,14418.115450329125,5552.302694782065
python-torch,2019-05-22T14:22:37.25,3.6.7,,hadamard,Float64,tiny,,,11508.003808557987,80541.99861362576,12214.004527777433,12908.7382279802,3430.612073857981
python-torch,2019-05-22T14:22:37.25,3.6.7,,hadamard,Float32,small,,,12435.01901626587,82590.03516286612,13099.98333454132,13693.175930703985,3430.1341586449057
python-torch,2019-05-22T14:22:37.25,3.6.7,,hadamard,Float64,small,,,12899.050489068031,84865.02338200808,13629.964087158442,14562.07093977633,3931.795734672893
python-torch,2019-05-22T14:22:37.25,3.6.7,,hadamard,Float32,medium,,,17690.996173769236,101004.96001541615,18718.012142926455,19699.55778901631,4534.009795391756
python-torch,2019-05-22T14:22:37.25,3.6.7,,hadamard,Float64,medium,,,23490.98213016987,96408.99952501059,24794.01882737875,25818.4379466787,4876.785099876459
python-torch,2019-05-22T14:22:37.25,3.6.7,,hadamard,Float32,large,,,540274.0207500756,1766393.0193521082,690937.478793785,720833.8259203449,129378.31789479534
python-torch,2019-05-22T14:22:37.25,3.6.7,,hadamard,Float64,large,,,1424627.9606595635,2848941.017873585,1655213.5057281703,1684538.9909576625,172610.13316046065
python-torch,2019-05-22T14:22:37.25,3.6.7,,outer,Float32,tiny,,,16684.00363996625,107388.01211118698,17932.034097611904,19796.694636484117,6253.751346844479
python-torch,2019-05-22T14:22:37.25,3.6.7,,outer,Float64,tiny,,,16895.995941013098,102646.99812978506,17540.99503159523,19556.353616971643,6376.0046087247765
python-torch,2019-05-22T14:22:37.25,3.6.7,,outer,Float32,small,,,19395.025447010994,107200.00136643648,20178.966224193573,22543.98812587129,7071.119599972411
python-torch,2019-05-22T14:22:37.25,3.6.7,,outer,Float64,small,,,20707.02612400055,106222.98577800393,21410.000044852495,23732.46868749935,7153.100591260158
python-torch,2019-05-22T14:22:37.25,3.6.7,,outer,Float32,medium,,,3298335.0101858377,5146376.963239163,3631388.011854142,3650288.946339913,264589.42811198765
python-torch,2019-05-22T14:22:37.25,3.6.7,,outer,Float64,medium,,,11029162.968043238,12475417.9851152,11645099.031738937,11588942.432735853,305175.5414845957
python-torch,2019-05-22T14:22:37.25,3.6.7,,outer,Float32,large,,,86227672.9894802,103297662.97945753,87631482.98021406,89946421.16401035,5269096.307442584
python-torch,2019-05-22T14:22:37.25,3.6.7,,outer,Float64,large,,,167865623.02149832,204633388.95933703,172042999.99866635,176989142.50164914,13716726.267636787
